sequence,overall_score,membrane_reactivity,length,charge,hydrophobicity,amphipathicity,boman_index,secondary_structure,aliphatic_index
MKMTMMKFKRRS,0.8369444444444445,0.8361111111111112,12,5,0.4166666666666667,0.8333333333333334,0.3888888888888889,0.75,0.0
KMSPTGHFKH,0.8308333333333333,0.8433333333333333,10,4,0.4,0.8,0.4666666666666666,0.3,0.0
FSMGKSFHHHKTFSHEP,0.8292156862745099,0.8120098039215686,17,5,0.35294117647058826,0.7058823529411765,0.4901960784313726,0.23529411764705882,0.0
KMPHSHKMSM,0.8241666666666667,0.8366666666666667,10,4,0.4,0.8,0.43333333333333335,0.5,0.0
KKARFKFGSK,0.8241666666666667,0.8366666666666667,10,5,0.4,0.8,0.43333333333333335,0.6,10.0
DMMKKMSKMHFHHFH,0.8238888888888889,0.8088888888888889,15,6,0.4,0.8,0.4444444444444444,0.4666666666666667,0.0
TKWGSAHPKKWS,0.8202777777777778,0.8111111111111111,12,4,0.4166666666666667,0.6666666666666666,0.47222222222222227,0.3333333333333333,8.333333333333332
DKKMMKSMSSKFRFA,0.8177777777777778,0.8011111111111111,15,4,0.4,0.6666666666666666,0.4222222222222222,0.6,6.666666666666667
QGMMSMHHKMH,0.8168939393939395,0.8257575757575759,11,4,0.45454545454545453,0.7272727272727273,0.4696969696969697,0.5454545454545454,0.0
KGDMKSMMHH,0.8141666666666667,0.8266666666666667,10,3,0.4,0.8,0.3833333333333333,0.5,0.0
PDKMMMKSHH,0.8141666666666667,0.8266666666666667,10,3,0.4,0.8,0.3833333333333333,0.5,0.0
DMMHMRMMKMSMSSKMKH,0.812962962962963,0.7962962962962963,18,5,0.4444444444444444,0.6666666666666666,0.39814814814814814,0.6666666666666666,0.0
KRKMMTSMHFTMHSHF,0.8108333333333333,0.7908333333333334,16,6,0.375,0.75,0.4791666666666667,0.4375,0.0
KPGPESKKASMGTHHMTKM,0.8105263157894738,0.7921052631578949,19,5,0.42105263157894735,0.631578947368421,0.42105263157894735,0.47368421052631576,5.263157894736842
KPMGKSHSMKSM,0.8091666666666667,0.8,12,4,0.4166666666666667,0.6666666666666666,0.4166666666666667,0.5,0.0
PKMMERPSHSKMMK,0.8091666666666667,0.8023809523809524,14,4,0.42857142857142855,0.7142857142857143,0.36904761904761907,0.6428571428571429,0.0
KGMDKKMMHC,0.8075000000000001,0.8200000000000001,10,3,0.4,0.8,0.35000000000000003,0.6,0.0
AMMHSKMKHSNMGSSSH,0.8037254901960785,0.7806372549019608,17,5,0.35294117647058826,0.5882352941176471,0.4803921568627451,0.4117647058823529,5.88235294117647
PKMMGSSHSHHMSFKHS,0.8022549019607843,0.7800490196078432,17,6,0.35294117647058826,0.7058823529411765,0.4803921568627451,0.29411764705882354,0.0
MKRTMASMSHK,0.8008333333333334,0.8071969696969696,11,4,0.36363636363636365,0.7272727272727273,0.4393939393939394,0.6363636363636364,9.090909090909092
DKMMMKSGTKMH,0.8008333333333333,0.7916666666666667,12,3,0.4166666666666667,0.6666666666666666,0.375,0.5833333333333334,0.0
KDKGSPMKFKSM,0.8008333333333333,0.7916666666666667,12,3,0.4166666666666667,0.6666666666666666,0.375,0.5,0.0
MMMKSWSHYASSWSFSHKH,0.8005263157894738,0.7743421052631578,19,5,0.3684210526315789,0.5263157894736842,0.5263157894736842,0.3157894736842105,5.263157894736842
MPAFTFKFDMSKKMSKHSKFMSS,0.8000000000000002,0.7760869565217392,23,5,0.43478260869565216,0.5217391304347826,0.47826086956521735,0.43478260869565216,4.3478260869565215
KEHAMHKCKFM,0.7978030303030303,0.8041666666666666,11,4,0.36363636363636365,0.7272727272727273,0.42424242424242425,0.6363636363636364,9.090909090909092
KDSMMHSHMHG,0.7978030303030303,0.8041666666666666,11,3,0.36363636363636365,0.7272727272727273,0.42424242424242425,0.36363636363636365,0.0
DGMMKMTKSMKHPQHSCKG,0.7970175438596492,0.7760964912280701,19,5,0.3684210526315789,0.631578947368421,0.40350877192982454,0.47368421052631576,0.0
DMKHPMMHMSKDSK,0.7967857142857143,0.7875,14,3,0.35714285714285715,0.7142857142857143,0.35714285714285715,0.5,0.0
FKMKMHGSMPSMSHTT,0.7958333333333334,0.7708333333333334,16,4,0.4375,0.5,0.4791666666666667,0.375,0.0
MKKMMMKMSMHPSHGMSSS,0.7947368421052632,0.7710526315789474,19,5,0.47368421052631576,0.5263157894736842,0.4473684210526316,0.5263157894736842,0.0
MMKDMKKSKKMMSS,0.794404761904762,0.7851190476190476,14,4,0.35714285714285715,0.7142857142857143,0.3452380952380952,0.7142857142857143,0.0
KMCSKPHSMSHAGSHY,0.7929166666666667,0.7666666666666666,16,5,0.3125,0.625,0.4895833333333333,0.3125,6.25
DKFMSFGPHSGHEPHFSSMHS,0.7920634920634921,0.7658730158730159,21,3,0.42857142857142855,0.47619047619047616,0.48412698412698413,0.19047619047619047,0.0
DMKMSTMKSSMKFHFGMHGS,0.7916666666666667,0.7666666666666667,20,4,0.45,0.5,0.4583333333333333,0.4,0.0
QMKPSKSAKKMMS,0.7901923076923077,0.7759615384615385,13,4,0.38461538461538464,0.6153846153846154,0.4230769230769231,0.6923076923076923,7.6923076923076925
MKMMMKMKMGSSMSSMSHHS,0.79,0.765,20,5,0.45,0.5,0.45,0.55,0.0
DGMKCSKWSGFSMSHKSHPG,0.79,0.765,20,4,0.4,0.5,0.45,0.25,0.0
CMSKPMVHPFHSKSSS,0.79,0.7625,16,4,0.375,0.5,0.5,0.25,6.25
MMKGKHSFPSSS,0.7869444444444444,0.7694444444444445,12,3,0.4166666666666667,0.5,0.47222222222222227,0.3333333333333333,0.0
MFKSSSFMMKKS,0.7869444444444444,0.7694444444444445,12,3,0.4166666666666667,0.5,0.47222222222222227,0.5,0.0
KFPWMSSMHKY,0.7865909090909091,0.7863636363636364,11,3,0.45454545454545453,0.5454545454545454,0.5,0.36363636363636365,0.0
MTHMMHKGSMCSSKQMM,0.7862745098039217,0.7598039215686275,17,4,0.4117647058823529,0.47058823529411764,0.46078431372549017,0.5294117647058824,0.0
MKMMHMKDKMP,0.7856818181818183,0.7920454545454545,11,3,0.5454545454545454,0.7272727272727273,0.3636363636363636,0.7272727272727273,0.0
DKSMGMKHSKG,0.7856818181818183,0.7920454545454545,11,3,0.36363636363636365,0.7272727272727273,0.3636363636363636,0.45454545454545453,0.0
MDKMMMHQPKMRSM,0.7853571428571429,0.7714285714285714,14,3,0.5,0.5714285714285714,0.39285714285714285,0.7142857142857143,0.0
MDGKMSMMMSKSKHHSPS,0.7844444444444446,0.7597222222222223,18,4,0.3888888888888889,0.5555555555555556,0.4166666666666667,0.4444444444444444,0.0
KAMKMMSGSK,0.7841666666666667,0.7866666666666667,10,3,0.5,0.6,0.43333333333333335,0.7,10.0
MDYTKHHRPDFPFHSSHMK,0.7840350877192983,0.7581140350877194,19,5,0.3157894736842105,0.631578947368421,0.4385964912280702,0.2631578947368421,0.0
AKDMMKMHHSQVPSSS,0.7837500000000001,0.75625,16,3,0.375,0.5,0.46875,0.4375,12.5
STQMMKKSMGSKHGHKMM,0.7835185185185184,0.7593518518518518,18,6,0.3888888888888889,0.6666666666666666,0.4259259259259259,0.5555555555555556,0.0
KMKRSMMSMMSMSKMS,0.7833333333333334,0.7583333333333334,16,4,0.4375,0.5,0.4166666666666667,0.6875,0.0
PKMMSMMHMKKFSSRRCKS,0.7823245614035088,0.7591666666666667,19,7,0.3684210526315789,0.7368421052631579,0.41228070175438597,0.5789473684210527,0.0
HKKSMMGMSPSMSFSKTFSHS,0.7820634920634921,0.7533730158730159,21,5,0.38095238095238093,0.47619047619047616,0.48412698412698413,0.3333333333333333,0.0
PMKKKKSMSKKPMDDMYSSM,0.7816666666666667,0.7591666666666667,20,4,0.35,0.6,0.35833333333333334,0.55,0.0
DMMRMHSPMHSPHSFSTSSR,0.7816666666666667,0.7541666666666667,20,4,0.35,0.5,0.4583333333333333,0.3,0.0
MKPMMHHSMSKSSSSM,0.7816666666666667,0.7541666666666667,16,4,0.375,0.5,0.4583333333333333,0.4375,0.0
RDMMHGMHSSGSSRSH,0.7804166666666668,0.7541666666666667,16,4,0.3125,0.625,0.4270833333333333,0.3125,0.0
TDPHSMPKMHKSSG,0.7801190476190477,0.7636904761904763,14,3,0.35714285714285715,0.5714285714285714,0.4166666666666667,0.2857142857142857,0.0
FCMHDTMKHMHSH,0.7778846153846154,0.7586538461538461,13,4,0.3076923076923077,0.6153846153846154,0.4615384615384615,0.3076923076923077,0.0
MKRRPMSSTM,0.7775,0.78,10,3,0.4,0.6,0.39999999999999997,0.6,0.0
KKPPGCPKSS,0.7775,0.78,10,3,0.4,0.6,0.39999999999999997,0.3,0.0
MMAGDSSMSHHSHHHSSWKSMT,0.7760606060606061,0.7458333333333333,22,5,0.3181818181818182,0.5454545454545454,0.48484848484848486,0.2727272727272727,4.545454545454546
RKMGMTMKSSQM,0.7758333333333334,0.7583333333333334,12,3,0.4166666666666667,0.5,0.4166666666666667,0.6666666666666666,0.0
KMKMMMMSSSKS,0.7758333333333334,0.7583333333333334,12,3,0.4166666666666667,0.5,0.4166666666666667,0.6666666666666666,0.0
YFKGMMKFRTSPSS,0.7758333333333334,0.7547619047619047,14,3,0.42857142857142855,0.42857142857142855,0.4880952380952381,0.35714285714285715,0.0
QMPKHKAKCTFEMSTSM,0.7743137254901962,0.745343137254902,17,3,0.35294117647058826,0.47058823529411764,0.45098039215686275,0.5294117647058824,5.88235294117647
DGSCDMSMGSHMHKHK,0.7741666666666667,0.7479166666666666,16,3,0.3125,0.625,0.3958333333333333,0.3125,0.0
KMCSMMMMSMNSMKDFCSSSMKRHH,0.774,0.7454999999999999,25,5,0.36,0.48,0.44,0.48,0.0
MMMHRKSKSSKM,0.773611111111111,0.7569444444444444,12,5,0.3333333333333333,0.6666666666666666,0.3888888888888889,0.6666666666666666,0.0
MMMHTGMSGGSSHHDSSKKNH,0.7731746031746033,0.7442460317460317,21,5,0.3333333333333333,0.5714285714285714,0.4444444444444444,0.2857142857142857,0.0
DMTHKMMDKPAK,0.7730555555555555,0.7588888888888888,12,2,0.4166666666666667,0.6666666666666666,0.3611111111111111,0.5833333333333334,8.333333333333332
RDSYTMMMKPKKSM,0.7729761904761905,0.756547619047619,14,3,0.35714285714285715,0.5714285714285714,0.38095238095238093,0.5714285714285714,0.0
DMKSAWSMDHSEMKSSFHHMMSSKG,0.7726666666666667,0.7441666666666666,25,3,0.36,0.48,0.43333333333333335,0.4,4.0
MSTMMSKMPSSSHMSKK,0.7723529411764707,0.7433823529411765,17,4,0.35294117647058826,0.47058823529411764,0.4411764705882353,0.47058823529411764,0.0
MMMMSHPHWMSSK,0.7722435897435898,0.7503205128205128,13,3,0.5384615384615384,0.46153846153846156,0.48717948717948717,0.46153846153846156,0.0
CQKKMGSMMSSMSMRHFS,0.7714814814814815,0.7412037037037036,18,4,0.3888888888888889,0.4444444444444444,0.46296296296296297,0.5,0.0
MFDSGRHKMPTCFSGPSMHPS,0.7714285714285715,0.7404761904761905,21,3,0.47619047619047616,0.38095238095238093,0.4761904761904762,0.23809523809523808,0.0
RPGMPSMSHMDKTKMSHPSSS,0.7709523809523811,0.7422619047619048,21,4,0.38095238095238093,0.47619047619047616,0.4285714285714286,0.3333333333333333,0.0
MKDKKHGPSSMS,0.7708333333333333,0.7541666666666667,12,3,0.3333333333333333,0.6666666666666666,0.375,0.4166666666666667,0.0
MFGSMSKSGTHHMMSSG,0.7705882352941177,0.7382352941176471,17,3,0.47058823529411764,0.35294117647058826,0.5,0.29411764705882354,0.0
KPSKKMHMTSTSDMFGS,0.7703921568627452,0.741421568627451,17,3,0.35294117647058826,0.47058823529411764,0.43137254901960786,0.35294117647058826,0.0
PDKMHAMHHDTSH,0.7701923076923077,0.7509615384615385,13,3,0.3076923076923077,0.6153846153846154,0.4230769230769231,0.3076923076923077,7.6923076923076925
GTSRHKSMDHMRSHGMSSMSM,0.7700000000000001,0.7410714285714285,21,5,0.3333333333333333,0.5714285714285714,0.4285714285714286,0.38095238095238093,0.0
DDKEFMHMKMSMSSKTMKH,0.77,0.7440789473684211,19,3,0.3157894736842105,0.631578947368421,0.3684210526315789,0.5263157894736842,0.0
KGSYHKMMMSSMY,0.7696794871794872,0.7477564102564103,13,3,0.38461538461538464,0.46153846153846156,0.4743589743589744,0.46153846153846156,0.0
MMMHMMTKSMSKSS,0.7686904761904763,0.7476190476190476,14,3,0.42857142857142855,0.42857142857142855,0.4523809523809524,0.5714285714285714,0.0
SMHMMKSMKMSMSS,0.7686904761904763,0.7476190476190476,14,3,0.42857142857142855,0.42857142857142855,0.4523809523809524,0.5714285714285714,0.0
MMMMPKHSRSMKMSSSSS,0.7677777777777779,0.7374999999999999,18,4,0.3888888888888889,0.4444444444444444,0.4444444444444444,0.5,0.0
RDMHMMKMKDPDK,0.7677564102564103,0.7562179487179488,13,2,0.38461538461538464,0.7692307692307693,0.28205128205128205,0.6153846153846154,0.0
MSPPKHKHDSMSS,0.7676282051282052,0.7483974358974359,13,3,0.3076923076923077,0.6153846153846154,0.4102564102564103,0.3076923076923077,0.0
KGDHMMMHSKKSMSSSSKSMG,0.766825396825397,0.7378968253968253,21,5,0.3333333333333333,0.5714285714285714,0.41269841269841273,0.42857142857142855,0.0
MDMRTMGYSSKMHMGSSMSK,0.7666666666666668,0.7366666666666667,20,3,0.4,0.4,0.43333333333333335,0.45,0.0
PPKMKDGSSKSK,0.7652777777777777,0.748611111111111,12,3,0.3333333333333333,0.6666666666666666,0.34722222222222227,0.4166666666666667,0.0
KSQTFCSKMHMGHSHSPFSGS,0.7652380952380953,0.731547619047619,21,5,0.3333333333333333,0.47619047619047616,0.5,0.23809523809523808,0.0
KGKMPSPTSKSSK,0.7650641025641025,0.7458333333333333,13,4,0.3076923076923077,0.6153846153846154,0.3974358974358974,0.38461538461538464,0.0
RHMMMQASQGKSSHHHSSGGMSFN,0.7649999999999999,0.7325,24,6,0.375,0.5,0.5,0.375,4.166666666666666
MKGKHSMGSSS,0.764469696969697,0.7617424242424242,11,3,0.36363636363636365,0.5454545454545454,0.4393939393939394,0.36363636363636365,0.0
MCTHMMRHSY,0.7641666666666667,0.7591666666666667,10,3,0.3,0.6,0.48333333333333334,0.4,0.0
MDKSGPHMSSHASSHS,0.76375,0.73125,16,3,0.3125,0.5,0.46875,0.25,6.25
EDMHMFMKMMSKMSSFCGSKAHDMSHFKS,0.7637068965517242,0.760344827586207,29,4,0.41379310344827586,0.4827586206896552,0.4482758620689655,0.4482758620689655,3.4482758620689653
KMSMPMSYSHHFSRSMSHHS,0.7633333333333334,0.7308333333333334,20,6,0.3,0.6,0.4916666666666667,0.3,0.0
KKTDMKYSSSPMAMH,0.7633333333333334,0.7324999999999999,15,3,0.3333333333333333,0.5333333333333333,0.43333333333333335,0.4666666666666667,6.666666666666667
KKMMHKSSPMHDSSSMSWPHSPC,0.7627536231884059,0.7313405797101449,23,5,0.34782608695652173,0.5217391304347826,0.4420289855072464,0.30434782608695654,0.0
MPMSMSSKKTGSSHGMS,0.7627450980392158,0.7303921568627452,17,3,0.4117647058823529,0.35294117647058826,0.46078431372549017,0.35294117647058826,0.0
DMKRMMMSSKSHS,0.7625,0.7432692307692308,13,3,0.3076923076923077,0.6153846153846154,0.3846153846153846,0.5384615384615384,0.0
DWKMHDMSMSSKHGHSPPSSSK,0.7624242424242426,0.7321969696969697,22,4,0.3181818181818182,0.5454545454545454,0.4166666666666667,0.2727272727272727,0.0
MMDKGGKMMSSHGCKSMGSSKKRK,0.7622222222222221,0.7355555555555555,24,7,0.375,0.6666666666666666,0.3819444444444444,0.5,0.0
SMMMMKHMMMRDMSSSSMHSSG,0.7621212121212122,0.7303030303030303,22,3,0.45454545454545453,0.36363636363636365,0.44696969696969696,0.5,0.0
DKMKMMSMQSSMDAHSASSSTHHPM,0.7620000000000001,0.7294999999999999,25,3,0.36,0.4,0.45999999999999996,0.44,8.0
DKKTTGGTASSMMHHSMHSS,0.7616666666666667,0.7291666666666666,20,4,0.3,0.5,0.4583333333333333,0.3,5.0
MKKSMKMSFSSMHHSH,0.7616666666666667,0.7304166666666667,16,6,0.3125,0.625,0.4583333333333333,0.4375,0.0
ARRPGSSSHS,0.7608333333333333,0.7558333333333334,10,3,0.3,0.6,0.4666666666666666,0.3,10.0
MMSFSKKHSS,0.7608333333333333,0.7558333333333334,10,3,0.3,0.6,0.4666666666666666,0.4,0.0
MQKMDGKSCSSKHMKPSM,0.7607407407407408,0.7310185185185184,18,4,0.3333333333333333,0.5555555555555556,0.39814814814814814,0.5,0.0
MPDSHMWFEHSGKMRS,0.7604166666666666,0.7304166666666667,16,2,0.4375,0.5,0.4270833333333333,0.375,0.0
PDPKMMMKFSSMSTSHKSFHKSSS,0.7602777777777778,0.7277777777777777,24,5,0.3333333333333333,0.5,0.4513888888888889,0.3333333333333333,0.0
DFMGSMSMHMGKSGMHSSHSGSSSS,0.7600000000000001,0.726,25,3,0.4,0.32,0.48,0.24,0.0
MKMMMKSFHSSRSSYSHSHM,0.76,0.7275,20,6,0.3,0.6,0.47500000000000003,0.4,0.0
PMMMHMMSGSSSKSPHSSS,0.7596491228070176,0.7254385964912281,19,3,0.42105263157894735,0.3157894736842105,0.4824561403508772,0.3157894736842105,0.0
MMMSKMMSKSKSS,0.759423076923077,0.7375,13,3,0.38461538461538464,0.46153846153846156,0.4230769230769231,0.6153846153846154,0.0
MDKHMNMPSSFH,0.7591666666666667,0.7366666666666667,12,2,0.4166666666666667,0.5,0.4583333333333333,0.3333333333333333,0.0
MMQWSSMKSRMSMSHS,0.75875,0.725,16,3,0.375,0.375,0.46875,0.5,0.0
AKSQSSMSGMGSSGHMSQGFHS,0.7575757575757577,0.7212121212121212,22,3,0.4090909090909091,0.2727272727272727,0.5151515151515151,0.3181818181818182,4.545454545454546
KIKFGSSWMFTGKMMKQGSRMDSNKDSSKM,0.7575000000000001,0.7533333333333334,30,5,0.4,0.4666666666666667,0.43333333333333335,0.43333333333333335,3.3333333333333335
KKSMYGSTMH,0.7575,0.7525,10,3,0.3,0.6,0.45,0.4,0.0
DKPGMSGKSSSKSMSMMMKHSSGKK,0.7569999999999999,0.7275,25,6,0.36,0.56,0.39999999999999997,0.44,0.0
MMVHMKPGSHMSSHSSSSKSFSS,0.7569565217391304,0.721195652173913,23,5,0.34782608695652173,0.43478260869565216,0.5,0.2608695652173913,4.3478260869565215
MMKKKGGVSSKSKSFSAMMASSCSSS,0.7568589743589743,0.7310897435897435,26,5,0.38461538461538464,0.38461538461538464,0.48717948717948717,0.4230769230769231,11.538461538461538
MMMKAMASSRSSMMSASDHKMHSHNGSSM,0.7568103448275862,0.75,29,5,0.41379310344827586,0.41379310344827586,0.4827586206896552,0.4827586206896552,10.344827586206897
MQMQMHKSSSKSHPCGSGMSSP,0.7566666666666668,0.7223484848484849,22,4,0.36363636363636365,0.36363636363636365,0.4696969696969697,0.36363636363636365,0.0
SKRMSSHRSMMMSSCMMKSS,0.7566666666666667,0.7241666666666666,20,5,0.3,0.5,0.43333333333333335,0.5,0.0
KKTFTKCMSSSMMKMDMEHDRKFSSMKF,0.756547619047619,0.7351190476190474,28,5,0.32142857142857145,0.5714285714285714,0.3988095238095238,0.5,0.0
KMPMSKSGMSKSSSSMGSGSGSMHM,0.7560000000000001,0.722,25,4,0.44,0.32,0.45999999999999996,0.36,0.0
TTPKHHMMMD,0.7558333333333334,0.7533333333333334,10,2,0.4,0.6,0.4166666666666667,0.4,0.0
DMGHHMMSMK,0.7558333333333334,0.7533333333333334,10,2,0.5,0.6,0.4166666666666667,0.5,0.0
KKGHKSSHFTSSSMMKPMSS,0.755,0.7225,20,6,0.3,0.6,0.45,0.35,0.0
DMRKKKMMSSMMTDF,0.755,0.7266666666666667,15,2,0.4,0.5333333333333333,0.3666666666666667,0.6,0.0
KHKTSNMGMS,0.7541666666666667,0.7491666666666666,10,3,0.3,0.6,0.43333333333333335,0.4,0.0
MPDMMKHMHMSSSSHSMSSKS,0.7541269841269842,0.7204365079365079,21,4,0.3333333333333333,0.47619047619047616,0.4444444444444444,0.38095238095238093,0.0
MKMMKGMSKSSSSS,0.7539285714285715,0.7303571428571428,14,3,0.35714285714285715,0.42857142857142855,0.4285714285714286,0.5,0.0
MDKFKMFKSSSM,0.7536111111111111,0.7311111111111112,12,2,0.4166666666666667,0.5,0.4305555555555556,0.5,0.0
DDMKMFHKGMDSMSMSPSKKKMPSSS,0.7530128205128206,0.7310897435897437,26,3,0.38461538461538464,0.46153846153846156,0.391025641025641,0.4230769230769231,0.0
DDDSMPSHFSMMGPKMSHKSSSHMMSKS,0.7527380952380953,0.7291666666666666,28,3,0.35714285714285715,0.42857142857142855,0.4226190476190476,0.32142857142857145,0.0
DMKMKFSMMSHTHADS,0.7525,0.7200000000000001,16,2,0.375,0.5,0.4375,0.4375,6.25
DHFFKMPDMSSSTHPK,0.7525,0.7200000000000001,16,2,0.375,0.5,0.4375,0.25,0.0
MKMTKMKSSMSSMDK,0.7522222222222223,0.7213888888888889,15,3,0.3333333333333333,0.5333333333333333,0.37777777777777777,0.6,0.0
MDMTMEMDSKFPHSHGSHKTSGKS,0.7519444444444445,0.7194444444444444,24,3,0.3333333333333333,0.5,0.40972222222222227,0.3333333333333333,0.0
KMMRMASRSMMMMSMHMS,0.7514814814814815,0.7162037037037037,18,4,0.5555555555555556,0.4444444444444444,0.46296296296296297,0.7222222222222222,5.555555555555555
DDGKKMFHFMSHSNDH,0.7512500000000001,0.7200000000000001,16,2,0.3125,0.625,0.40625,0.25,0.0
KSKMDAHSSRGFHSWMMSSSSMS,0.751159420289855,0.7153985507246376,23,4,0.34782608695652173,0.43478260869565216,0.4710144927536232,0.34782608695652173,4.3478260869565215
KPPMDGAHGSPGSTSSSSHSHHSSSH,0.7509615384615385,0.7240384615384615,26,5,0.3076923076923077,0.46153846153846156,0.4807692307692308,0.11538461538461539,3.8461538461538463
RDHPSKSMHF,0.7508333333333334,0.7458333333333333,10,3,0.3,0.6,0.4166666666666667,0.3,0.0
DKMMCHCHHP,0.7508333333333334,0.7458333333333333,10,3,0.3,0.6,0.4166666666666667,0.3,0.0
MSKFKGDSMSCMMMSTSMAPHKSSSHT,0.7504012345679012,0.7239197530864196,27,4,0.37037037037037035,0.37037037037037035,0.46913580246913583,0.37037037037037035,3.7037037037037033
KKRSTGMDMRMMFMSD,0.75,0.72,16,2,0.4375,0.5,0.375,0.5625,0.0
HMTHMPGSKSSSQ,0.7496794871794872,0.7227564102564102,13,3,0.3076923076923077,0.46153846153846156,0.4743589743589744,0.3076923076923077,0.0
MHGSDPNHSTMSMHSKMS,0.7496296296296298,0.7143518518518519,18,3,0.3333333333333333,0.4444444444444444,0.4537037037037037,0.2777777777777778,0.0
RMDMGSMGSSKSSSHKSSSFMPM,0.7494202898550726,0.7143115942028986,23,3,0.391304347826087,0.34782608695652173,0.4492753623188406,0.34782608695652173,0.0
MMKDKMMSHS,0.7491666666666666,0.7466666666666667,10,2,0.4,0.6,0.3833333333333333,0.6,0.0
KDPKFMSMQK,0.7491666666666666,0.7466666666666667,10,2,0.4,0.6,0.3833333333333333,0.6,0.0
CMMMKHMHSGSMKMMGSKSSMASFSKGS,0.748452380952381,0.7223809523809523,28,6,0.4642857142857143,0.42857142857142855,0.4761904761904762,0.4642857142857143,3.571428571428571
DKFMKMCKMSMS,0.7480555555555555,0.7255555555555555,12,2,0.4166666666666667,0.5,0.40277777777777773,0.5833333333333334,0.0
KMQHMDMDGMSSKH,0.7479761904761906,0.726547619047619,14,2,0.35714285714285715,0.5714285714285714,0.38095238095238093,0.5,0.0
KMMMSSSHMSSMSKWSSSM,0.7478947368421053,0.7111842105263158,19,3,0.3684210526315789,0.3157894736842105,0.47368421052631576,0.42105263157894735,0.0
RSMKTMMKMMSSMSHSSS,0.7477777777777779,0.7125,18,4,0.3333333333333333,0.4444444444444444,0.4444444444444444,0.5,0.0
MDMMMAHHMGTKSMMYMTSSKKMSSSKFSD,0.7474999999999999,0.74,30,4,0.4,0.4,0.45,0.4666666666666667,3.3333333333333335
KKFTCSKKMM,0.7474999999999999,0.7424999999999999,10,4,0.3,0.6,0.39999999999999997,0.6,0.0
DMKMMSDPMRSKSAPHTMHMKSCHDDHSMH,0.7474999999999999,0.7424999999999999,30,5,0.3333333333333333,0.6,0.39999999999999997,0.4,3.3333333333333335
PKMSMKDKSMKSSSMS,0.7470833333333333,0.7145833333333333,16,3,0.3125,0.5,0.3854166666666667,0.5,0.0
MSISSMSMSSAFSSSMSSHMKMSH,0.7469444444444446,0.7069444444444444,24,3,0.375,0.25,0.5347222222222222,0.3333333333333333,8.333333333333332
MSKFMSSNMSMSGRHSSSSM,0.7466666666666668,0.7091666666666666,20,3,0.35,0.3,0.48333333333333334,0.35,0.0
TTAKSMHKMPKMSFSSGDMMSDMMMMSKK,0.7464655172413794,0.7396551724137932,29,4,0.4482758620689655,0.41379310344827586,0.4310344827586207,0.5172413793103449,3.4482758620689653
MTKGGKMGSHSVSHSGKSSFSSH,0.7464492753623189,0.7100362318840581,23,6,0.34782608695652173,0.5217391304347826,0.4855072463768116,0.21739130434782608,4.3478260869565215
DMRKPASFMKS,0.746439393939394,0.7412121212121212,11,2,0.45454545454545453,0.5454545454545454,0.42424242424242425,0.5454545454545454,9.090909090909092
MFKAMMHQFSMSMKSSSAKMMKPMMHS,0.7463888888888889,0.7186111111111112,27,6,0.5185185185185185,0.4444444444444444,0.5,0.5925925925925926,7.4074074074074066
KMKHHPKSHKHPMFD,0.7458333333333332,0.7141666666666666,15,7,0.3333333333333333,0.6666666666666666,0.39999999999999997,0.4,0.0
PMMKMMKKKRSSSHYKMS,0.7454629629629629,0.7137962962962963,18,7,0.3333333333333333,0.6666666666666666,0.39814814814814814,0.6111111111111112,0.0
SRDMMKSSGDMMSMPKMSSSKSKK,0.7450000000000001,0.7124999999999999,24,4,0.3333333333333333,0.5,0.375,0.5,0.0
KWPTPHHHMSSSHS,0.7444047619047619,0.7154761904761905,14,5,0.2857142857142857,0.5714285714285714,0.4880952380952381,0.14285714285714285,0.0
MARDRSSMKH,0.7441666666666666,0.7391666666666666,10,3,0.3,0.6,0.3833333333333333,0.6,10.0
KKQMRSFMDH,0.7441666666666666,0.7391666666666666,10,3,0.3,0.6,0.3833333333333333,0.6,0.0
DHKMMHMSSGNMKSHSS,0.7439215686274511,0.7083333333333334,17,4,0.29411764705882354,0.5882352941176471,0.43137254901960786,0.35294117647058826,0.0
AKRPPSMMSDMSSSKKQGCSHSS,0.7439130434782608,0.7081521739130434,23,4,0.30434782608695654,0.43478260869565216,0.43478260869565216,0.391304347826087,4.3478260869565215
FMKHFMAMFSMDSSFKSSKSSSSSKSDH,0.743452380952381,0.7148809523809523,28,4,0.32142857142857145,0.42857142857142855,0.4761904761904762,0.32142857142857145,3.571428571428571
DMPKSGSKMHHSSDMFS,0.7434313725490196,0.7094607843137256,17,2,0.35294117647058826,0.47058823529411764,0.4215686274509804,0.29411764705882354,0.0
MSDGKDSFSSKSHMMMGKEH,0.7433333333333333,0.7108333333333334,20,2,0.35,0.5,0.39166666666666666,0.4,0.0
DDMKKMMMHKSSMQ,0.7432142857142857,0.7217857142857143,14,2,0.35714285714285715,0.5714285714285714,0.35714285714285715,0.6428571428571429,0.0
GKMKSMSAKTDMKD,0.7432142857142857,0.7217857142857143,14,2,0.35714285714285715,0.5714285714285714,0.35714285714285715,0.5714285714285714,7.142857142857142
MMMKHYDQSGSMHKHDSSMADHSH,0.7427777777777779,0.7069444444444445,24,4,0.2916666666666667,0.5833333333333334,0.4305555555555556,0.375,4.166666666666666
DSHMASSSSSSMSSGMMSKAHMHPMS,0.7427564102564103,0.7131410256410257,26,3,0.38461538461538464,0.3076923076923077,0.4935897435897436,0.34615384615384615,7.6923076923076925
MKMMTKMKSMDM,0.7424999999999999,0.72,12,2,0.5,0.5,0.375,0.75,0.0
KSMRMSMMMMKD,0.7424999999999999,0.72,12,2,0.5,0.5,0.375,0.75,0.0
DKMSKMMMKMSS,0.7424999999999999,0.72,12,2,0.4166666666666667,0.5,0.375,0.6666666666666666,0.0
DPRDGDMMMSSTHKKPKMSSSMSSHSFK,0.7422619047619048,0.7172619047619047,28,4,0.32142857142857145,0.5,0.3988095238095238,0.35714285714285715,0.0
KSMMSSKHSSMGFPSSHKKPYMS,0.7421014492753624,0.7056884057971016,23,6,0.34782608695652173,0.5217391304347826,0.463768115942029,0.34782608695652173,0.0
DMMMGMKKMSHSS,0.7418589743589744,0.7174358974358975,13,2,0.46153846153846156,0.46153846153846156,0.4102564102564103,0.5384615384615384,0.0
PMMKMSMHTGSSSSHSSSSPSP,0.7415151515151517,0.7026515151515151,22,3,0.36363636363636365,0.2727272727272727,0.48484848484848486,0.22727272727272727,0.0
GPMHMHMSGSSGSSTMSSSSKS,0.7415151515151517,0.7026515151515151,22,3,0.36363636363636365,0.2727272727272727,0.48484848484848486,0.22727272727272727,0.0
TGMHSGFCKTSSDHPSSMHPS,0.7414285714285714,0.7029761904761904,21,3,0.3333333333333333,0.38095238095238093,0.4761904761904762,0.14285714285714285,0.0
KPKMGHMSMSSSSSS,0.7411111111111113,0.7036111111111111,15,3,0.3333333333333333,0.4,0.45555555555555555,0.3333333333333333,0.0
MCMHQGMRSSGCSTSH,0.7408333333333333,0.7020833333333333,16,3,0.3125,0.375,0.4791666666666667,0.3125,0.0
KPMSTMKSTFSTSGSH,0.7408333333333333,0.7020833333333333,16,3,0.3125,0.375,0.4791666666666667,0.25,0.0
MGAKQFKKMHSRTSMMGSHSKTSS,0.7408333333333333,0.7050000000000001,24,7,0.3333333333333333,0.5833333333333334,0.4583333333333333,0.4583333333333333,4.166666666666666
KMDGGHKSKSSSHSSWFS,0.7400000000000001,0.7027777777777778,18,4,0.2777777777777778,0.5555555555555556,0.4444444444444444,0.2222222222222222,0.0
SGDMSRGKKPSSMSSHHSTMH,0.7400000000000001,0.7035714285714286,21,5,0.2857142857142857,0.5714285714285714,0.4285714285714286,0.2857142857142857,0.0
FKKMHMHHSSASDSH,0.74,0.7016666666666667,15,5,0.26666666666666666,0.5333333333333333,0.4666666666666666,0.3333333333333333,6.666666666666667
THSMPFMSCDPHSHHSSKS,0.74,0.7013157894736841,19,4,0.2631578947368421,0.5263157894736842,0.47368421052631576,0.15789473684210525,0.0
MRPAFMMSSSHS,0.7397222222222222,0.7088888888888889,12,2,0.5,0.3333333333333333,0.5277777777777778,0.4166666666666667,8.333333333333332
KDMMTPSMHSMASHSPS,0.7397058823529411,0.7023529411764706,17,2,0.4117647058823529,0.35294117647058826,0.4705882352941177,0.35294117647058826,5.88235294117647
DKQAKKKTMTSGMPSMMSKSSD,0.7396969696969697,0.7049242424242423,22,3,0.3181818181818182,0.45454545454545453,0.393939393939394,0.5,4.545454545454546
KDMKSMDMCMYSSWKGSRMSKS,0.7396969696969697,0.7049242424242423,22,3,0.3181818181818182,0.45454545454545453,0.393939393939394,0.45454545454545453,0.0
MDGMKFMHKPMSSSST,0.7395833333333333,0.7033333333333334,16,2,0.4375,0.375,0.4479166666666667,0.375,0.0
RKTSMMPKSMSSS,0.739423076923077,0.7125,13,3,0.3076923076923077,0.46153846153846156,0.4230769230769231,0.46153846153846156,0.0
DSMRKKSGMMKMSSSSSM,0.7385185185185186,0.7032407407407407,18,3,0.3333333333333333,0.4444444444444444,0.39814814814814814,0.5,0.0
KMPDMDFSTHMSSHH,0.7383333333333334,0.7025,15,2,0.3333333333333333,0.5333333333333333,0.43333333333333335,0.26666666666666666,0.0
DMPMSHDRSSSPHGHSK,0.7380392156862745,0.7024509803921568,17,3,0.29411764705882354,0.5882352941176471,0.40196078431372545,0.23529411764705882,0.0
KKAKHSKHMKMMSMSSPSMSTFH,0.7379347826086957,0.7027173913043478,23,8,0.34782608695652173,0.6956521739130435,0.4565217391304348,0.4782608695652174,4.3478260869565215
MSMMKKMKSSKKSSSKSSFSPSA,0.7377536231884058,0.701340579710145,23,6,0.30434782608695654,0.5217391304347826,0.4420289855072464,0.4782608695652174,4.3478260869565215
KMKMKTHDMS,0.7375,0.7324999999999999,10,3,0.3,0.6,0.35000000000000003,0.6,0.0
DPSKSMMDGDSMMTHMSHAHSKWSSRHAKFS,0.7374731182795699,0.7557795698924731,31,5,0.3548387096774194,0.5161290322580645,0.44623655913978494,0.3548387096774194,6.451612903225806
SDKMYMMHHHMSSS,0.7372619047619048,0.7083333333333334,14,3,0.2857142857142857,0.5714285714285714,0.4523809523809524,0.35714285714285715,0.0
MKSYSKADHDMSSKMGMGMTASDSSHK,0.736574074074074,0.7087962962962963,27,3,0.3333333333333333,0.4444444444444444,0.4259259259259259,0.4074074074074074,7.4074074074074066
KDFFMKKSSSP,0.736439393939394,0.7287121212121213,11,2,0.36363636363636365,0.5454545454545454,0.42424242424242425,0.36363636363636365,0.0
MHMTSMSMMEMSHKMMKMSCSSSAMSSY,0.7348809523809524,0.7041666666666666,28,3,0.39285714285714285,0.2857142857142857,0.4761904761904762,0.5,3.571428571428571
GMSAKMHPSSSS,0.7341666666666666,0.7033333333333334,12,2,0.4166666666666667,0.3333333333333333,0.5,0.3333333333333333,8.333333333333332
FMDKDKDMPKSSPHGMHHSHSSIMWSSTSHSMM,0.7328787878787878,0.7496212121212121,33,5,0.36363636363636365,0.48484848484848486,0.4545454545454546,0.2727272727272727,3.0303030303030303
GAKKPSFMSS,0.7325,0.72,10,2,0.5,0.4,0.5,0.4,10.0
MFMHPGNSTR,0.7325,0.72,10,2,0.5,0.4,0.5,0.3,0.0
MMMRMSSTHF,0.7325,0.72,10,2,0.5,0.4,0.5,0.5,0.0
MKMMMSFAMMRHMSMSDMFKHCSMKKSSDSDPPMK,0.7321428571428571,0.7500000000000001,35,5,0.45714285714285713,0.45714285714285713,0.4285714285714286,0.5142857142857142,2.857142857142857
MDKAKSSMKSSMM,0.7318589743589744,0.7049358974358976,13,2,0.38461538461538464,0.46153846153846156,0.4102564102564103,0.6153846153846154,7.6923076923076925
MPKDNHSSKMSPM,0.7318589743589744,0.7049358974358976,13,2,0.38461538461538464,0.46153846153846156,0.4102564102564103,0.38461538461538464,0.0
MKDMCCMMMKMSSSHSMSWSDHHRSGSD,0.7315476190476191,0.7029761904761904,28,3,0.32142857142857145,0.42857142857142855,0.4166666666666667,0.35714285714285715,0.0
MDMSMSMSMSKFSKSQDMKKFSKMGSSTMP,0.7308333333333333,0.7200000000000001,30,3,0.4,0.3333333333333333,0.43333333333333335,0.4666666666666667,0.0
DDKMHKKDSSMNSHMMHDSMKFCPSMFFPMMKTHQT,0.730185185185185,0.7476851851851851,36,5,0.3611111111111111,0.5,0.4259259259259259,0.3888888888888889,0.0
PMKFSMDKHSHDMMGSSSSSSPMKPHHCDPDGGHTH,0.730185185185185,0.7476851851851851,36,5,0.3611111111111111,0.5,0.4259259259259259,0.2222222222222222,0.0
KKMMDFKSHSSSMS,0.7301190476190477,0.7011904761904763,14,3,0.2857142857142857,0.5714285714285714,0.4166666666666667,0.42857142857142855,0.0
PASKHSKHMDCSKM,0.7301190476190477,0.7011904761904763,14,4,0.2857142857142857,0.5714285714285714,0.4166666666666667,0.42857142857142855,7.142857142857142
DKKPMFKSSDGKS,0.7298076923076923,0.7055769230769231,13,2,0.3076923076923077,0.6153846153846154,0.3461538461538461,0.38461538461538464,0.0
MMDMMKGHGMMHSSRFDSSSSHSKSSKSFC,0.7297222222222223,0.7180555555555556,30,5,0.3333333333333333,0.4666666666666667,0.4444444444444444,0.3333333333333333,0.0
KMMTMMMSPSSKSSSPSSPAKGSHSSSHSM,0.7297222222222222,0.716388888888889,30,5,0.36666666666666664,0.3333333333333333,0.4777777777777778,0.3333333333333333,3.3333333333333335
KSSHWHSHFMH,0.7296212121212121,0.7143939393939394,11,5,0.2727272727272727,0.5454545454545454,0.5151515151515151,0.18181818181818182,0.0
PQMRKHMKFHMFSTSSHSSMPCKFSSPK,0.7295238095238096,0.700595238095238,28,8,0.35714285714285715,0.5714285714285714,0.4761904761904762,0.35714285714285715,0.0
HDKMMSHSSW,0.7291666666666667,0.7191666666666667,10,2,0.3,0.6,0.43333333333333335,0.3,0.0
DMDFRKDVMMMPSMMGHMPKHSSSMSHSKSSS,0.7289583333333333,0.7458333333333333,32,4,0.40625,0.4375,0.4322916666666667,0.375,3.125
DDDKMMMGMSSPFMHSTSMSPMSHHSNDHAHASHH,0.7288095238095237,0.7441666666666666,35,4,0.37142857142857144,0.45714285714285713,0.4619047619047619,0.2857142857142857,5.714285714285714
MMMCMMMSMDSISHKCSMMKAMSFKHKPSSSKSD,0.7285294117647059,0.7441176470588236,34,5,0.4117647058823529,0.4117647058823529,0.45588235294117646,0.47058823529411764,5.88235294117647
KKMMSSKHMSMRSSSDGADMMAKYPFQMSSFKPS,0.7285294117647059,0.7441176470588236,34,5,0.4117647058823529,0.4117647058823529,0.45588235294117646,0.47058823529411764,5.88235294117647
PPDKMKMSSMSSSNSMSSKDHKKSSFKFMF,0.7275,0.7158333333333333,30,5,0.3333333333333333,0.4666666666666667,0.43333333333333335,0.36666666666666664,0.0
IMDTMKSWSSKSMSKSYSHMMSMMPSDHMS,0.7263888888888889,0.7130555555555556,30,3,0.36666666666666664,0.3333333333333333,0.4611111111111111,0.36666666666666664,3.3333333333333335
MKDGHMMPFK,0.7258333333333334,0.7158333333333334,10,2,0.6,0.6,0.4166666666666667,0.5,0.0
MPKSMSMSSH,0.7258333333333333,0.7133333333333334,10,2,0.4,0.4,0.4666666666666666,0.4,0.0
RSMSMSMHKMASMGSPPSASPSHTKSKDSK,0.7258333333333333,0.7141666666666667,30,6,0.36666666666666664,0.4666666666666667,0.45,0.4,6.666666666666667
DPMMEKGFSKHSMSQGFSDKMHDGSHPKSSFMK,0.7258080808080807,0.742550505050505,33,4,0.3939393939393939,0.48484848484848486,0.41919191919191917,0.36363636363636365,0.0
KMSSMMMFSHKSDSFDWSPSHDMGSSPSSKPGFKH,0.7254761904761905,0.7404761904761905,35,4,0.4,0.4,0.4523809523809524,0.2571428571428571,0.0
DEAKMMMPKSKMSKSKMSSSSSGKDMDKKMSHMP,0.725392156862745,0.7443627450980391,34,5,0.35294117647058826,0.5294117647058824,0.37254901960784315,0.5294117647058824,2.941176470588235
MGSMSAKMSSH,0.7252272727272727,0.7109090909090909,11,2,0.45454545454545453,0.36363636363636365,0.5,0.45454545454545453,9.090909090909092
DPMKMMHMSSPMASKRSQSCMEKMKDKMSHGFS,0.7247979797979797,0.741540404040404,33,5,0.3939393939393939,0.48484848484848486,0.41414141414141414,0.5151515151515151,3.0303030303030303
GTREMKHKSMMWCSMGMMPHSSCSGAWPSSATH,0.7246969696969696,0.737878787878788,33,5,0.45454545454545453,0.36363636363636365,0.48484848484848486,0.36363636363636365,6.0606060606060606
DMMMMKGKSKMMSMCGSKMGHDGSSTSSHGMWK,0.7246969696969696,0.740909090909091,33,5,0.45454545454545453,0.42424242424242425,0.42424242424242425,0.42424242424242425,0.0
DMDMMSSMYKPSMMMKASFKSSHSNHWSSHFSFW,0.7246078431372548,0.7372549019607844,34,4,0.4117647058823529,0.35294117647058826,0.4950980392156863,0.3235294117647059,2.941176470588235
MSGDHSMHSWPSHSKNHSWFWSSSPTPDFHPSSHP,0.724047619047619,0.736547619047619,35,5,0.37142857142857144,0.4,0.49523809523809526,0.08571428571428572,0.0
KKKMMMSFMMPSDHMHSKSFSMMSSDHGSGSASHDS,0.7237037037037036,0.7384259259259258,36,5,0.3888888888888889,0.4444444444444444,0.4490740740740741,0.3611111111111111,2.7777777777777777
DSMHHMHMMSMSSFSKCSMYSSSPKHASASW,0.7234946236559139,0.7353494623655914,31,5,0.3548387096774194,0.3870967741935484,0.5053763440860215,0.3225806451612903,6.451612903225806
MFYFMKSHDSDKKKSSKSDMGPGSSCMSKS,0.7230555555555556,0.7113888888888888,30,4,0.3,0.4666666666666667,0.41111111111111115,0.3333333333333333,0.0
KMFSTHFPQFDMHHPPFSSSAHSHDEKKSSSFKD,0.7230392156862745,0.7370098039215686,34,5,0.3235294117647059,0.5294117647058824,0.46078431372549017,0.2647058823529412,2.941176470588235
MMFMMTMDSMDMMMMKMSRKSSHWSHSHSPFQ,0.7227083333333333,0.7364583333333334,32,4,0.46875,0.375,0.4635416666666667,0.46875,0.0
DMQSMMSFSMMSKMGCGMSMPKHSHSSKSSMH,0.7227083333333333,0.7364583333333334,32,5,0.40625,0.375,0.4635416666666667,0.40625,0.0
MKDPMMMMSHMGKSKASSSGRSKMMPDWGQSSSR,0.7226470588235294,0.7382352941176471,34,5,0.4411764705882353,0.4117647058823529,0.4264705882352941,0.47058823529411764,2.941176470588235
RMDSMMSMRMSHHDCGMMSKPSGMKGMSMSHWSSS,0.7226190476190476,0.7376190476190476,35,5,0.42857142857142855,0.4,0.4380952380952381,0.4,0.0
DKSMWHMSKS,0.7225,0.7125,10,2,0.3,0.6,0.39999999999999997,0.4,0.0
TMMMMNDMSSDKSAWKMMSHHASHTKKSDPM,0.7224193548387097,0.7375,31,4,0.3870967741935484,0.45161290322580644,0.43548387096774194,0.45161290322580644,6.451612903225806
DDMGSMMDSKSKGKGMRDGGPSHHDPHKSSKH,0.721875,0.740625,32,5,0.34375,0.625,0.359375,0.3125,0.0
DKVMSGMMMSKMYMGMKGMDSSSSSWSMKKKNSFK,0.7216666666666667,0.7366666666666667,35,5,0.42857142857142855,0.4,0.43333333333333335,0.45714285714285713,2.857142857142857
MGKYDFSDSHSSSMHFHGFAPSCMKSDKMVKSST,0.7214705882352941,0.7345588235294117,34,4,0.35294117647058826,0.4117647058823529,0.4705882352941177,0.2647058823529412,5.88235294117647
DSPMATDSMSMDPSYHSMMGFSHHHSMSKPQFHK,0.7214705882352941,0.7345588235294117,34,4,0.38235294117647056,0.4117647058823529,0.4705882352941177,0.29411764705882354,2.941176470588235
MDKRMMMDMDPMGSMSPKHHSSHSSSDMMSFSHSW,0.7207142857142858,0.7357142857142858,35,3,0.4,0.4,0.4285714285714286,0.34285714285714286,0.0
KDGDGMSKPDKKSSMRKMGKPSSMDHESMCKMGS,0.7204901960784313,0.7394607843137254,34,4,0.35294117647058826,0.5294117647058824,0.34803921568627455,0.4411764705882353,0.0
DDPDMMFKSKRSMSKRSPSSMMWKKDSHMMMKDD,0.7204901960784313,0.7394607843137254,34,3,0.35294117647058826,0.5294117647058824,0.34803921568627455,0.47058823529411764,0.0
DDEHHTKDCMSMHKKAHSGRGCPGFMSHSMKSGM,0.7200000000000001,0.7369117647058825,34,6,0.35294117647058826,0.5882352941176471,0.411764705882353,0.35294117647058826,2.941176470588235
FMDRKMGDSSFSMHKTMKSMMSPSSSFMKRDHTSMQ,0.72,0.7347222222222222,36,5,0.3611111111111111,0.4444444444444444,0.4305555555555556,0.4166666666666667,0.0
DKYSMSSMMMGGKSKKSMMSMHYHMKCSADMS,0.72,0.734375,32,5,0.375,0.4375,0.4375,0.46875,3.125
DKMGHMSTMSMKHHSSGMCMMYGSSGHGFSNTSSM,0.7197619047619047,0.731904761904762,35,5,0.4,0.34285714285714286,0.48095238095238096,0.2857142857142857,0.0
MMDKFMMDMGMSHSMGSHKMSSSHSSGASSSPSH,0.7197058823529411,0.7323529411764707,34,4,0.4117647058823529,0.35294117647058826,0.4705882352941177,0.3235294117647059,2.941176470588235
DMFSMMMKDSSSCKSMSMASSSHMHHKSSPPHGS,0.7195098039215686,0.7325980392156862,34,5,0.35294117647058826,0.4117647058823529,0.46078431372549017,0.3235294117647059,2.941176470588235
MMDKPMKPSSMSDHSMMSSPFSFHCPSKSHSGSH,0.7195098039215686,0.7325980392156862,34,5,0.38235294117647056,0.4117647058823529,0.46078431372549017,0.2647058823529412,0.0
MSKKMMNSMS,0.7191666666666667,0.7066666666666667,10,2,0.4,0.4,0.43333333333333335,0.6,0.0
MDHKGSMSSK,0.7191666666666667,0.7091666666666667,10,2,0.3,0.6,0.3833333333333333,0.4,0.0
TKMMMKSFSSM,0.7191666666666667,0.704848484848485,11,2,0.45454545454545453,0.36363636363636365,0.4696969696969697,0.5454545454545454,0.0
TMMKMHMMSSS,0.7191666666666667,0.704848484848485,11,2,0.45454545454545453,0.36363636363636365,0.4696969696969697,0.5454545454545454,0.0
MMKTMMKMSS,0.7191666666666667,0.7066666666666667,10,2,0.5,0.4,0.43333333333333335,0.7,0.0
RSSMSKMPSG,0.7191666666666667,0.7066666666666667,10,2,0.4,0.4,0.43333333333333335,0.4,0.0
MMMKMSMHFSTPDSSSKSQDQMHHMSASHPFSSFNK,0.719074074074074,0.7310185185185185,36,5,0.3611111111111111,0.3888888888888889,0.48148148148148145,0.3611111111111111,2.7777777777777777
DRMMQMFMFGMDPMMDGSSSSHKKNQSSHKSF,0.7185416666666665,0.7322916666666667,32,3,0.40625,0.375,0.4427083333333333,0.40625,0.0
KFGIKGSDSMMMASSKKKSSTMMKKTMDDGSSKD,0.7185294117647059,0.7345588235294118,34,4,0.35294117647058826,0.47058823529411764,0.39705882352941174,0.4411764705882353,5.88235294117647
SSMMSMFKMKSGMSKGSDSSPMKSMSHKMKEDGHS,0.7183333333333333,0.7336904761904762,35,5,0.37142857142857144,0.45714285714285713,0.40952380952380957,0.42857142857142855,0.0
DMSMMKKMSMSKSMHSMAHHDSTSSFHTMK,0.7180555555555557,0.7047222222222222,30,6,0.3333333333333333,0.5333333333333333,0.4444444444444444,0.43333333333333335,3.3333333333333335
DTMKMMMSAAMSSSHDQFSMHKMFSDHSWKMCNGS,0.7178571428571429,0.7300000000000001,35,3,0.4,0.34285714285714286,0.4714285714285715,0.4,5.714285714285714
MMMSASGPTSKMSHMDSGKFTHSHSDGMTMSPSK,0.7177450980392156,0.7303921568627452,34,4,0.4117647058823529,0.35294117647058826,0.46078431372549017,0.3235294117647059,2.941176470588235
DRPKPAMMMSDVKGDHKYMNADSMSSYMHSSSH,0.7177272727272727,0.731439393939394,33,3,0.36363636363636365,0.42424242424242425,0.4393939393939394,0.36363636363636365,9.090909090909092
MSMGDKHMSSHAHFGSSFNMSSSSSSGAPKSWK,0.7177272727272727,0.7284090909090909,33,5,0.3939393939393939,0.36363636363636365,0.5,0.2727272727272727,6.0606060606060606
FKMFDYPMMKHSGSSHSSSMDHSSMSAWSPVT,0.7174999999999999,0.728125,32,3,0.40625,0.3125,0.5,0.25,6.25
NWMMMSSSSSHAMGHSSGKDPHKSRDSSQM,0.7174999999999999,0.7024999999999999,30,4,0.3333333333333333,0.4,0.45,0.3333333333333333,3.3333333333333335
MDRMKMRFSMMSTDRMSKSSKAGSDHMMSSS,0.7170430107526882,0.7321236559139785,31,4,0.3548387096774194,0.45161290322580644,0.40860215053763443,0.4838709677419355,3.225806451612903
DDKMMDMMFMMCSHMMGYMKFMKMKQKSMDSSSHSS,0.7170370370370369,0.7314814814814815,36,3,0.4166666666666667,0.3888888888888889,0.4212962962962963,0.5,0.0
MDMMMMMDSQHKSHSSSSMCSSKGGSFFKDHPK,0.7167171717171716,0.7304292929292929,33,4,0.36363636363636365,0.42424242424242425,0.4343434343434343,0.36363636363636365,0.0
PRDKKMMSTMKSSYMATFMMPSHGDSSSKMSHPC,0.7165686274509804,0.729656862745098,34,5,0.38235294117647056,0.4117647058823529,0.446078431372549,0.38235294117647056,2.941176470588235
FSWDHMATSGSKHMSHQSSSSCSGMHGEHSGSAF,0.7165686274509803,0.7267156862745098,34,4,0.35294117647058826,0.35294117647058826,0.5049019607843137,0.23529411764705882,5.88235294117647
FFMASMMSGSKDSSKASSSCSAHMGKGSMSSHHT,0.7165686274509803,0.7267156862745098,34,5,0.38235294117647056,0.35294117647058826,0.5049019607843137,0.3235294117647059,8.823529411764707
KKMMMCSDKMSSHGSSSSSSHSMSMGDHFS,0.7163888888888889,0.7013888888888888,30,4,0.3,0.4,0.4444444444444444,0.3,0.0
MMDPGGKKMFSSTGMSSSTMHMSSSHRMSAV,0.7162903225806451,0.7274193548387098,31,4,0.45161290322580644,0.3225806451612903,0.4838709677419355,0.3548387096774194,6.451612903225806
DGTHDMHHMK,0.7158333333333334,0.7058333333333334,10,2,0.3,0.6,0.3666666666666667,0.3,0.0
MMTKMFSFSSFMGHSMHDSSKPTTSSKSMWSHS,0.7157070707070706,0.7263888888888889,33,5,0.36363636363636365,0.36363636363636365,0.4898989898989899,0.2727272727272727,0.0
MDSKSMMRMSTHMSSSQMMHKSKMEGDWAKSSA,0.7157070707070706,0.7294191919191919,33,4,0.36363636363636365,0.42424242424242425,0.4292929292929293,0.5151515151515151,6.0606060606060606
MMKSMCSMFHPSSMNGSKDKMMMPSSKDFSKQM,0.7156060606060606,0.7287878787878789,33,4,0.42424242424242425,0.36363636363636365,0.4393939393939394,0.45454545454545453,0.0
KMMDHMMMSSMMSGMDSGSSHSMKHSSKHGSSSS,0.7155882352941176,0.7286764705882353,34,5,0.35294117647058826,0.4117647058823529,0.4411764705882353,0.35294117647058826,0.0
PMDRGMPDSKMHMKRSFGMSYPKSSHSSPSSSSY,0.7155882352941176,0.7286764705882353,34,5,0.35294117647058826,0.4117647058823529,0.4411764705882353,0.29411764705882354,0.0
NMHDSMSCMSKFHSSHFSMDWHFGSYHSPSGMSS,0.7155882352941175,0.725735294117647,34,4,0.35294117647058826,0.35294117647058826,0.5,0.17647058823529413,0.0
DKGDMKHPSMMMHRGDSGCSKSHVSKHPDDMSKSS,0.7154761904761906,0.7315476190476189,35,5,0.3142857142857143,0.5714285714285714,0.38095238095238093,0.3142857142857143,2.857142857142857
PMYMKDGFSWSMSDFMSSSSHSSMGKKMKSKMTSH,0.7154761904761905,0.7279761904761904,35,5,0.37142857142857144,0.4,0.4523809523809524,0.34285714285714286,0.0
KMSMSDMHMSARDYMDMGMKGMHSMSTKMSSS,0.7154166666666666,0.7291666666666667,32,3,0.40625,0.375,0.4270833333333333,0.46875,3.125
SKKTMMATCMMMTDTMMQYKDKSHMSSSK,0.715316091954023,0.7010057471264367,29,4,0.3103448275862069,0.41379310344827586,0.4252873563218391,0.5172413793103449,3.4482758620689653
MPMMMMSWMPSSFSCGHNKMKTHHSGDSSSS,0.7152150537634407,0.7263440860215055,31,4,0.41935483870967744,0.3225806451612903,0.478494623655914,0.2903225806451613,0.0
QMDSMHTHGMKTSTGDSMHHSTDSHHFSHGFGM,0.71489898989899,0.7266414141414141,33,5,0.3333333333333333,0.48484848484848486,0.4646464646464647,0.21212121212121213,0.0
FMMKKKPMHSKSSMSMSDYMMSPSRNKSSFDSGQ,0.7146078431372549,0.7276960784313725,34,5,0.35294117647058826,0.4117647058823529,0.4362745098039216,0.4117647058823529,0.0
MMMDKMMSDSGSSSMKSSHSSMPSHWPSSHKGSR,0.7146078431372549,0.7276960784313725,34,5,0.35294117647058826,0.4117647058823529,0.4362745098039216,0.3235294117647059,0.0
KFDMGMSSFMMVSSMSKSHSFMSSSFSHAKSKSFSS,0.7144444444444444,0.7236111111111112,36,5,0.3888888888888889,0.3333333333333333,0.513888888888889,0.3055555555555556,5.555555555555555
PDMWGMSGEKMSHSGGSSSPHSHMSSPSSHKGSSHS,0.7144444444444443,0.7263888888888889,36,5,0.3611111111111111,0.3888888888888889,0.4583333333333333,0.19444444444444445,0.0
DKKGMFMDHSSSSMKSDGKPMFHKPSMASHSHHA,0.7143627450980393,0.7287745098039216,34,7,0.38235294117647056,0.5882352941176471,0.446078431372549,0.35294117647058826,5.88235294117647
PMKPGMDTCMSSMYMASPSMPSSKKHKSMKTPSSS,0.714047619047619,0.7261904761904763,35,5,0.4,0.34285714285714286,0.4523809523809524,0.37142857142857144,2.857142857142857
KGTMMMMSMSMPGMSNSHSSSSSGHSSSMMFHNH,0.7138235294117646,0.7235294117647059,34,5,0.4117647058823529,0.29411764705882354,0.5,0.29411764705882354,0.0
MKMHMFHAMSMMPSTKSMMGSRCSTFSMSTSSSS,0.7138235294117646,0.7235294117647059,34,5,0.4117647058823529,0.29411764705882354,0.5,0.38235294117647056,2.941176470588235
MYKMMMSSSMSFMDAKSTKSSSGCSGHFKHSQM,0.7136868686868687,0.7243686868686869,33,5,0.36363636363636365,0.36363636363636365,0.47979797979797983,0.3939393939393939,3.0303030303030303
TDQMSMKMSKSDGSSSKHGMGKMKFPGHMSSMSS,0.7136274509803922,0.7267156862745098,34,5,0.38235294117647056,0.4117647058823529,0.43137254901960786,0.38235294117647056,0.0
MMDSMSAMSMMMSCMCDKRKSKMSSKCMKFSHSS,0.7136274509803922,0.7267156862745098,34,5,0.35294117647058826,0.4117647058823529,0.43137254901960786,0.5,2.941176470588235
CMMPMSPSMKEMHSHSKKSSMMHTFSYDSDGKMT,0.7136274509803922,0.7267156862745098,34,4,0.35294117647058826,0.4117647058823529,0.43137254901960786,0.38235294117647056,0.0
MRDMMKFTMASMQCPKSADASSSHSSPHFFSSKS,0.713627450980392,0.7237745098039216,34,4,0.38235294117647056,0.35294117647058826,0.4901960784313726,0.38235294117647056,8.823529411764707
MKMGMSDMPDSPMSMMMPSKSMGHSHKGSKGSS,0.7135858585858585,0.7267676767676768,33,4,0.48484848484848486,0.36363636363636365,0.4292929292929293,0.3939393939393939,0.0
MDMMMKMMGKTSSSMMKSSSSHSMEAHHMGHTSSSS,0.7135185185185184,0.725462962962963,36,5,0.3611111111111111,0.3888888888888889,0.4537037037037037,0.4166666666666667,2.7777777777777777
SGMMMMMSMSAMMHMKMDKKFMEMSKSSSGWKSSS,0.7130952380952381,0.7252380952380953,35,4,0.4857142857142857,0.34285714285714286,0.44761904761904764,0.5428571428571428,2.857142857142857
GSFSMASHMSMDMMGGMSKSTSSSHDSHHSKSW,0.7126767676767676,0.7233585858585858,33,4,0.36363636363636365,0.36363636363636365,0.47474747474747475,0.2727272727272727,3.0303030303030303
MSMKMGMSMSNASSHMSDSKSFSSHHPCSSPRG,0.7126767676767676,0.7233585858585858,33,5,0.36363636363636365,0.36363636363636365,0.47474747474747475,0.30303030303030304,3.0303030303030303
MPDMMMMSTSSMMPMHSHHSSGSSHKSHSPSSS,0.7126767676767676,0.7233585858585858,33,5,0.36363636363636365,0.36363636363636365,0.47474747474747475,0.2727272727272727,0.0
DAHGSMMSSMMSFCSASSSMSSDDASKSHPMHHH,0.7126470588235293,0.7227941176470588,34,3,0.35294117647058826,0.35294117647058826,0.4852941176470588,0.29411764705882354,8.823529411764707
DMDHKMSHSPSMSMSMSDHDHMPMMFSSMYGKSNH,0.7126190476190476,0.7251190476190476,35,3,0.37142857142857144,0.4,0.4380952380952381,0.3142857142857143,0.0
DMMFMMHSDSMSMSMMSFKYPAKHSGSPAKTSS,0.7125757575757574,0.7227272727272729,33,3,0.45454545454545453,0.30303030303030304,0.48484848484848486,0.3939393939393939,6.0606060606060606
DKMRKTMGSS,0.7125000000000001,0.7025000000000001,10,2,0.3,0.6,0.35000000000000003,0.5,0.0
MQKMMKMQMKMSSSSGFMPFSHSHMTPDSSNM,0.7122916666666665,0.7229166666666667,32,4,0.4375,0.3125,0.4739583333333333,0.4375,0.0
MMRTDSPFNSSSSMHKMPKSMMMKDPSSSGSPMHS,0.7121428571428572,0.7242857142857144,35,4,0.4,0.34285714285714286,0.44285714285714284,0.34285714285714286,0.0
KHMDDPSAKDKMSMSSDHPSDMFSHGSASHH,0.7120967741935484,0.7254032258064516,31,3,0.3225806451612903,0.5161290322580645,0.41935483870967744,0.2903225806451613,6.451612903225806
MDKMKMKKPAMHSMSMEMMSMPMDRKSHKHQSMMM,0.7117857142857144,0.7278571428571429,35,7,0.45714285714285713,0.5714285714285714,0.39999999999999997,0.6571428571428571,2.857142857142857
MKFDAKKMTSSSYSKMMSSMPGAHSPSSKSSSM,0.7116666666666667,0.7223484848484849,33,5,0.36363636363636365,0.36363636363636365,0.4696969696969697,0.3939393939393939,6.0606060606060606
DDTHSHGHQMSCSDHSSKMFTMMGRGSKSGMDMP,0.7116666666666667,0.7247549019607843,34,3,0.35294117647058826,0.4117647058823529,0.4215686274509804,0.29411764705882354,0.0
KDMYMMFSQMGSRSGKMYMSKKMMYHDSDKSGSP,0.7116666666666667,0.7247549019607843,34,4,0.38235294117647056,0.4117647058823529,0.4215686274509804,0.4411764705882353,0.0
TMSRMDSRSMSPMSSSKATSHGNAKHMHDFMDPPD,0.7116666666666667,0.7241666666666666,35,3,0.37142857142857144,0.4,0.43333333333333335,0.34285714285714286,5.714285714285714
SDHMPMKSSSGSSMSMDMKDHMPHSYMSSSPCPMHH,0.7116666666666666,0.7236111111111111,36,4,0.3611111111111111,0.3888888888888889,0.4444444444444444,0.2777777777777778,0.0
MMKAMMKSMSSSNPSMKMSSFKSMQSAKPDTSMHDK,0.7116666666666666,0.7236111111111111,36,5,0.3888888888888889,0.3888888888888889,0.4444444444444444,0.5,5.555555555555555
SDGGKMGSMRSKMMKDSMKDDGMMSHSSSMH,0.7116666666666666,0.7267473118279569,31,3,0.3870967741935484,0.45161290322580644,0.3817204301075268,0.41935483870967744,0.0
DMKGMPMFMPKSSSMSSDAYWHSMHMKSPNFSS,0.7115656565656565,0.7217171717171718,33,3,0.45454545454545453,0.30303030303030304,0.47979797979797983,0.3333333333333333,3.0303030303030303
MKHSAMSMSGSMHFMHSHSQASSHYHSSPDSD,0.7114583333333334,0.7208333333333333,32,5,0.3125,0.4375,0.4947916666666667,0.28125,6.25
TTSGKDKMGGMSHDHSSMSADMSSMKPHSTHH,0.7114583333333333,0.7239583333333333,32,5,0.3125,0.5,0.4322916666666667,0.28125,3.125
MSKSMMDFSHAHAMSGSKSFKSDMKMSKSSDK,0.7114583333333333,0.7239583333333333,32,5,0.34375,0.5,0.4322916666666667,0.4375,6.25
MKMSKKSESQSSDSMHHSMMFHHMSGASHSSDM,0.710858585858586,0.7226010101010101,33,5,0.30303030303030304,0.48484848484848486,0.4444444444444444,0.3939393939393939,3.0303030303030303
TKPMDKMDSSGSPHSHHMHMFKSMSSSSDTPHFDKS,0.7101851851851851,0.7226851851851851,36,5,0.3055555555555556,0.5,0.4259259259259259,0.25,0.0
DTDMFPMGKSFSSSPGHHSGHMSKHHSGKFGKGSSM,0.7100925925925926,0.7225925925925926,36,7,0.4166666666666667,0.5,0.46296296296296297,0.2222222222222222,0.0
KKDMMPMDMMSSHDMMRSKMCFSSKHPASPKSK,0.7098989898989899,0.7246717171717172,33,6,0.3939393939393939,0.5454545454545454,0.40404040404040403,0.48484848484848486,3.0303030303030303
DKMSPSSHGSMWEKSHHDMMSGHHPSSSSHGNS,0.709848484848485,0.7215909090909091,33,5,0.30303030303030304,0.48484848484848486,0.4393939393939394,0.21212121212121213,0.0
MDMHDMMHSMSSMSPPSSKKAASSDSKSKHSHY,0.709848484848485,0.7215909090909091,33,5,0.30303030303030304,0.48484848484848486,0.4393939393939394,0.36363636363636365,6.0606060606060606
MKMPDCMSMFRSHHDSTMMSSHPSPSGWSWDSDKSH,0.7098148148148147,0.7217592592592592,36,3,0.3611111111111111,0.3888888888888889,0.4351851851851852,0.25,0.0
MRMSFSPMSSSMSSMWHSGRHSHMPGDHSSCSSMS,0.7097619047619047,0.7194047619047619,35,5,0.37142857142857144,0.34285714285714286,0.48095238095238096,0.2571428571428571,0.0
MDMKMRKSYWSCKSEMQSMPMSFMKDWKSGSQSK,0.7097058823529412,0.7227941176470588,34,4,0.35294117647058826,0.4117647058823529,0.411764705882353,0.5,0.0
MMMGFDMSSSMSHKPFSMSMSMHDSSHSPSSKSH,0.7097058823529411,0.7198529411764706,34,4,0.38235294117647056,0.35294117647058826,0.4705882352941177,0.29411764705882354,0.0
KMTMDDSKSMSSKKSASMFSSWGSHSGASMWSHS,0.7097058823529411,0.7198529411764706,34,4,0.35294117647058826,0.35294117647058826,0.4705882352941177,0.3235294117647059,5.88235294117647
SMRSMMHRSFASSMMSFGSPKSKSDSPSSSSKWS,0.7097058823529411,0.7198529411764706,34,5,0.35294117647058826,0.35294117647058826,0.4705882352941177,0.3235294117647059,2.941176470588235
DKFGRDKMMMSSCHPSMFHMSSKMHSSTPGHS,0.7095833333333333,0.7220833333333334,32,6,0.375,0.5,0.4479166666666667,0.3125,0.0
DPMHQPSKSSMSMSCSHSMMMMHSGSGVKSDR,0.7095833333333332,0.7208333333333333,32,4,0.375,0.375,0.4479166666666667,0.34375,3.125
MMKMMFHSSAGMWSSYHSMMYKSSGYSSSGSS,0.7091666666666667,0.7166666666666668,32,4,0.40625,0.25,0.5208333333333334,0.3125,3.125
MFMRKSMFSMMSSSGSDCWGKMMFKPHKSSKSDSK,0.709047619047619,0.7219047619047619,35,6,0.4,0.45714285714285713,0.4380952380952381,0.4,0.0
DDCPSAKGMSMHSSHSHSSPTSFMHNWHVHNSS,0.7088383838383838,0.717550505050505,33,5,0.30303030303030304,0.42424242424242425,0.494949494949495,0.15151515151515152,6.0606060606060606
DGRMQVMKSMQMMSDGFSDDHMSSMRSGHYGSKSK,0.7088095238095238,0.7213095238095237,35,3,0.37142857142857144,0.4,0.41904761904761906,0.4,2.857142857142857
DMPMAFSASSHMSPGMPKKDSSKHPSPNSYSSSSH,0.7088095238095238,0.718452380952381,35,4,0.37142857142857144,0.34285714285714286,0.4761904761904762,0.2571428571428571,5.714285714285714
DGMTSKMSSMMMSFSSPHSPSRHFSSPSPHWSSDH,0.7088095238095238,0.718452380952381,35,4,0.37142857142857144,0.34285714285714286,0.4761904761904762,0.2,0.0
KMRMMMMKDGWAMSSGMHTKMMSKESSHTCTSDE,0.7087254901960784,0.7218137254901961,34,3,0.38235294117647056,0.4117647058823529,0.40686274509803927,0.5,2.941176470588235
KDGMMHMSSMPKHSMSFSSSMHSSSSKMMSSGSP,0.7087254901960783,0.7188725490196078,34,5,0.38235294117647056,0.35294117647058826,0.4656862745098039,0.3235294117647059,0.0
CRKMSSDSMSMMSHMSSMPSPQHMGKKSSMWWS,0.7086363636363636,0.7193181818181819,33,5,0.3939393939393939,0.36363636363636365,0.4545454545454546,0.3939393939393939,0.0
MMMKMSSKSGSHSSKKSPMSSHMSSDSMSPMFS,0.7086363636363636,0.7193181818181819,33,5,0.36363636363636365,0.36363636363636365,0.4545454545454546,0.36363636363636365,0.0
DTVARMHSSAFYPHGHSSMSFTDGSMSPTHSSP,0.7086363636363635,0.7162878787878788,33,3,0.3939393939393939,0.30303030303030304,0.5151515151515151,0.18181818181818182,9.090909090909092
PAPPGSSSTSSMPSAHSCGGSKGHPSHTSHWST,0.7086363636363635,0.7162878787878788,33,5,0.3939393939393939,0.30303030303030304,0.5151515151515151,0.12121212121212122,6.0606060606060606
DPMHPMMKSHSGFSGSSSHPSSSHSHSHAGSF,0.7085416666666667,0.7179166666666668,32,6,0.375,0.4375,0.5052083333333334,0.15625,3.125
MSRMDSGKSKSSTMSAWKHFMSMMKKSSFDHM,0.7085416666666666,0.7210416666666667,32,6,0.375,0.5,0.4427083333333333,0.4375,3.125
GMMTCMDMMHSCSMKHMSQSKMEMKSSSPMYH,0.7085416666666665,0.7197916666666666,32,4,0.375,0.375,0.4427083333333333,0.46875,0.0
MKKMMEMSSKKSSSSPSSMPMPFSMGSSHSGSA,0.7085353535353535,0.7186868686868688,33,4,0.42424242424242425,0.30303030303030304,0.4646464646464647,0.3939393939393939,3.0303030303030303
PMMTMDSQKSKMESMKMMRMSDKSMKKDSKHM,0.7083333333333334,0.7239583333333333,32,5,0.34375,0.5625,0.3541666666666667,0.625,0.0
MMTMASKKSMMMSMSMSSSDKPCSSKPSKSMA,0.7081249999999999,0.71875,32,4,0.40625,0.3125,0.453125,0.5,6.25
DMSMGMSASSSMYKGSHDDSMQSKGSSKSMMMMKHK,0.7079629629629628,0.7199074074074073,36,4,0.3611111111111111,0.3888888888888889,0.4259259259259259,0.4444444444444444,2.7777777777777777
MDDSKMMAMSSSSMSSSHHHPKMHHASSSSSDPMH,0.7078571428571429,0.7182142857142857,35,5,0.3142857142857143,0.45714285714285713,0.45714285714285713,0.3142857142857143,5.714285714285714
DPSHFMFDSHFHDMSGPYHSGHSSSHSKSSSFS,0.7078282828282828,0.716540404040404,33,4,0.30303030303030304,0.42424242424242425,0.4898989898989899,0.09090909090909091,0.0
DKGSAMSMSMMKPKMSFFHTMMMSSSDSKHTSSC,0.7077450980392156,0.7178921568627451,34,4,0.38235294117647056,0.35294117647058826,0.46078431372549017,0.38235294117647056,2.941176470588235
MDMSMPSCKRTMDSSHSKPGMSHSWIGHSSSSSM,0.7077450980392156,0.7178921568627451,34,4,0.35294117647058826,0.35294117647058826,0.46078431372549017,0.2647058823529412,2.941176470588235
MPRMQDMHSSSSIMMMSKPGSPMSSMKMSSKSP,0.7075252525252524,0.7176767676767678,33,4,0.45454545454545453,0.30303030303030304,0.4595959595959596,0.42424242424242425,3.0303030303030303
DMHMFSMDSYSMGSSMGGHSNHDSTKHHPMSYHHSS,0.7074074074074075,0.7171296296296297,36,5,0.3055555555555556,0.4444444444444444,0.46759259259259256,0.19444444444444445,0.0
MKDYMMHRMMSDHCKGKMMSSQSDHMSDHSSGSHSM,0.7074074074074074,0.7199074074074073,36,5,0.3055555555555556,0.5,0.41203703703703703,0.3888888888888889,0.0
GMMSMSSPMMSHSDSHHSMMSMSDKSMSGPSK,0.7070833333333333,0.7177083333333334,32,3,0.40625,0.3125,0.4479166666666667,0.34375,0.0
MMRMMFMFMKSSSSKKPHSSPSGSSGSSSSEHSASS,0.7070370370370369,0.7162037037037037,36,5,0.3611111111111111,0.3333333333333333,0.47685185185185186,0.3333333333333333,2.7777777777777777
MMFDSMKSWKMMMSASTSSMMDKPFMHCKMKSKGKM,0.7068518518518518,0.7190740740740742,36,6,0.4722222222222222,0.4444444444444444,0.4398148148148148,0.5277777777777778,2.7777777777777777
MSMGMTSSSKSSFMMFKGSSSSMHSSFHWHSSSS,0.706764705882353,0.713970588235294,34,5,0.35294117647058826,0.29411764705882354,0.5147058823529412,0.23529411764705882,0.0
CKGSSMSPMMFSMSSSGSMSHHMFYHSSSSSATK,0.706764705882353,0.713970588235294,34,5,0.35294117647058826,0.29411764705882354,0.5147058823529412,0.2647058823529412,2.941176470588235
MYMMKMFSMPMMMHSHMTSHQYSSSSSWHSSSSS,0.706764705882353,0.713970588235294,34,5,0.35294117647058826,0.29411764705882354,0.5147058823529412,0.3235294117647059,0.0
MKFDKMFSGSSGSPSSHMSPDWHSKSSSSSPKTP,0.7067647058823529,0.7169117647058824,34,4,0.35294117647058826,0.35294117647058826,0.45588235294117646,0.20588235294117646,0.0
MTQMGKSAMFSSDSKFPSSHSMHHTSSSPPSVS,0.7066161616161615,0.7142676767676768,33,4,0.36363636363636365,0.30303030303030304,0.5050505050505051,0.24242424242424243,6.0606060606060606
RSMGIFMHDFHMSSYMHSSNKPSMMHFFHSSHSS,0.7065196078431373,0.7150490196078432,34,7,0.38235294117647056,0.47058823529411764,0.5245098039215687,0.23529411764705882,2.941176470588235
SMKKFASMSSASSSMSSSKHSSKGCMMCGSWM,0.7064583333333333,0.7145833333333333,32,5,0.375,0.3125,0.4947916666666667,0.375,6.25
GDHMHKSDTSSMMSHMTMMSGPMKHSSVHPSGHS,0.7062745098039216,0.7173039215686275,34,6,0.38235294117647056,0.47058823529411764,0.46078431372549017,0.2647058823529412,2.941176470588235
DMSMSKMSCMGSSKMMSKMSSMKPSKSSMGFS,0.7060416666666666,0.7166666666666667,32,4,0.40625,0.3125,0.4427083333333333,0.4375,0.0
MFMRMAMMMMAMSSKMGSSMSMSSKWSYSFHSSN,0.7059803921568628,0.7127450980392158,34,4,0.5,0.23529411764705882,0.5196078431372549,0.47058823529411764,5.88235294117647
CGFRMMSSGPMMSSMKGPSMMPSCDHHSSSSHES,0.7059803921568627,0.7156862745098039,34,3,0.4117647058823529,0.29411764705882354,0.46078431372549017,0.29411764705882354,0.0
MMGMMMKSSMMKSSKCSMMMGMSKKSSTKSDSKDS,0.705952380952381,0.718452380952381,35,5,0.37142857142857144,0.4,0.4047619047619048,0.5142857142857142,0.0
QIPSSMSMSMSSHFDHSSSHPSSKHDSMFSQAHHP,0.7059523809523809,0.713452380952381,35,5,0.3142857142857143,0.4,0.5047619047619047,0.22857142857142856,5.714285714285714
GMINDKMFMMMMKFSSSFDDSSKRHSSASCRTMSS,0.7059523809523809,0.7155952380952381,35,3,0.37142857142857144,0.34285714285714286,0.4619047619047619,0.37142857142857144,5.714285714285714
MDFGDMMKMGSSMSNSSSRSMHHKPSPSTPHSSS,0.7057843137254901,0.7159313725490196,34,4,0.35294117647058826,0.35294117647058826,0.45098039215686275,0.2647058823529412,0.0
PMSDMHTMHMSKMMSSHSSDGSGTMHKSSMSPSM,0.7057843137254901,0.7159313725490196,34,4,0.38235294117647056,0.35294117647058826,0.45098039215686275,0.3235294117647059,0.0
KMDPMMMSHMSMMSKNDMMMSSSHSHMSSSSKT,0.7056060606060606,0.7162878787878788,33,4,0.36363636363636365,0.36363636363636365,0.4393939393939394,0.42424242424242425,0.0
DMKRGDWDMMFSSMSSMMSSMSSHMRSMHSSHS,0.7056060606060606,0.7162878787878788,33,3,0.36363636363636365,0.36363636363636365,0.4393939393939394,0.36363636363636365,0.0
DKMMCYKSRCMPGSCSAKDPTGSHPMTSYMSMK,0.7056060606060606,0.7162878787878788,33,4,0.36363636363636365,0.36363636363636365,0.4393939393939394,0.36363636363636365,3.0303030303030303
DFDSHFQMSSMHKKMFPHSPPMKSKHSMSSHSSM,0.7055392156862746,0.7170098039215687,34,7,0.35294117647058826,0.5294117647058824,0.46078431372549017,0.3235294117647059,0.0
DRFSMMGSSKMMSSMMSSASSSKHSHSSGWM,0.7052150537634407,0.7138440860215054,31,4,0.3870967741935484,0.3225806451612903,0.478494623655914,0.3548387096774194,3.225806451612903
DSFFSHHKFSSSSSSRWSWHSSHPPMSASSQF,0.7052083333333334,0.7114583333333333,32,5,0.3125,0.375,0.5260416666666666,0.15625,3.125
DQDMMMSSMMKFDMGSHKSKMSSSHKMKSMKS,0.7052083333333333,0.7177083333333333,32,5,0.34375,0.5,0.4010416666666667,0.5,0.0
KMGMMKSMMSMSSMKKRMSPMFTRDWHSSSSC,0.7050000000000001,0.716875,32,6,0.40625,0.4375,0.4375,0.46875,0.0
MDKRMSMMMMSDSFSSMGGSSWMGSMSKHSSSSH,0.705,0.7147058823529412,34,3,0.4117647058823529,0.29411764705882354,0.45588235294117646,0.35294117647058826,0.0
MNMSMMSMKMMPCCGPSMHDDKKSPSSSRSVS,0.705,0.7156250000000001,32,3,0.40625,0.3125,0.4375,0.375,3.125
MQDGMSDMSMSKFGSCSSGGTHHHKSSVHWSSH,0.7047979797979798,0.713510101010101,33,5,0.3333333333333333,0.42424242424242425,0.47474747474747475,0.21212121212121213,3.0303030303030303
MFKMKDSSPMSKMHSHFMSNYSSKSPHSACSEGDGH,0.7046296296296297,0.7143518518518519,36,5,0.3333333333333333,0.4444444444444444,0.4537037037037037,0.3055555555555556,2.7777777777777777
MTMMMAMMMFMHMSCCCKSSHMTSSKSCKSMSY,0.7045959595959594,0.7122474747474747,33,5,0.3939393939393939,0.30303030303030304,0.494949494949495,0.45454545454545453,3.0303030303030303
DKKHMFSMSMGMSCMKMSAHSHKKMDSMSSMCH,0.7044696969696971,0.7167424242424243,33,7,0.36363636363636365,0.5454545454545454,0.4393939393939394,0.45454545454545453,3.0303030303030303
MMMRKMHGSDKSSSWMKWSSHMSAGHSHSDGKS,0.7044696969696971,0.7167424242424243,33,7,0.36363636363636365,0.5454545454545454,0.4393939393939394,0.36363636363636365,3.0303030303030303
SHHSDMSSKSDMSMMSMMCSGHSSSHHHMGSG,0.7041666666666667,0.7135416666666666,32,5,0.3125,0.4375,0.4583333333333333,0.25,0.0
DDMMRHMFMSDPSKHMSGCDCCGKFKHKSSHK,0.7041666666666666,0.7179166666666668,32,6,0.3125,0.625,0.3958333333333333,0.34375,0.0
DDKMMMWASMHMPDKKKSSHHMSDFKYKSKGHGH,0.7040686274509804,0.7193627450980391,34,8,0.35294117647058826,0.7058823529411765,0.40196078431372545,0.4117647058823529,2.941176470588235
DPGKHMPMMVSMMSHDSSSSKMSSPHMMQSKNSSS,0.704047619047619,0.7136904761904762,35,4,0.37142857142857144,0.34285714285714286,0.4523809523809524,0.34285714285714286,2.857142857142857
MGMMGQMHAMSSKRGGGDSHHSDKQSSTSDKHSFS,0.704047619047619,0.7144047619047619,35,5,0.34285714285714286,0.45714285714285713,0.4380952380952381,0.34285714285714286,2.857142857142857
MCKMFSMMMSSGSSSSMSHGKHSMKSYKSFAM,0.7039583333333334,0.7127083333333334,32,6,0.40625,0.375,0.4947916666666667,0.40625,3.125
MDTDMMMKGGSTSHHSSSHHPHASSPHSSGSSS,0.7037878787878789,0.7125,33,5,0.30303030303030304,0.42424242424242425,0.4696969696969697,0.18181818181818182,3.0303030303030303
MTDMDMMDKKTGSFESSHMKDARMSHKTPSSTSKHP,0.7037037037037037,0.7162037037037037,36,4,0.3055555555555556,0.5,0.39351851851851855,0.3888888888888889,2.7777777777777777
GSGMMMSTMSSHSSPHDPSSSHSSKFFSKSFAD,0.7035858585858584,0.7112373737373737,33,3,0.36363636363636365,0.30303030303030304,0.4898989898989899,0.21212121212121213,3.0303030303030303
PMMSMMMSSASHHSMPPPISMFSKSSQMDCKSQ,0.7034848484848484,0.7106060606060606,33,3,0.45454545454545453,0.24242424242424243,0.5,0.3939393939393939,6.0606060606060606
DPMDDAMSKASSGSSHTSHFPSKKSMDHSKMKSM,0.7034313725490197,0.7144607843137255,34,4,0.3235294117647059,0.47058823529411764,0.4215686274509804,0.35294117647058826,5.88235294117647
MTMMAMMPFSKMMSHSHPSSYMSSHHMSSSKHM,0.7033585858585859,0.7120707070707071,33,7,0.42424242424242425,0.42424242424242425,0.5050505050505051,0.3939393939393939,3.0303030303030303
MMMAMHKHSMMDSSSSPSHSFPSHHMSMSSSFSH,0.7033333333333334,0.711421568627451,34,6,0.38235294117647056,0.4117647058823529,0.5049019607843137,0.29411764705882354,2.941176470588235
PMPMSPGMSSMGSSSYSSSMSSSPSSHSSHKPHH,0.7028431372549019,0.7100490196078431,34,5,0.35294117647058826,0.29411764705882354,0.4950980392156863,0.17647058823529413,0.0
MTCMSHDHPSSGASSMSDKMSCMMSPDSHKKGSM,0.7028431372549019,0.7129901960784314,34,3,0.35294117647058826,0.35294117647058826,0.4362745098039216,0.3235294117647059,2.941176470588235
RPMDDDHKHMSMHPSSGSSCSKSHSFHSSYSPPSGM,0.7027777777777778,0.7125,36,5,0.3055555555555556,0.4444444444444444,0.4444444444444444,0.19444444444444445,0.0
FMEMMMMMSSASTSDSSMSSHPHHYSKKKSHSN,0.7027777777777778,0.711489898989899,33,5,0.30303030303030304,0.42424242424242425,0.4646464646464647,0.36363636363636365,3.0303030303030303
MKDEMDPSSMSSMSCHSHSFSMSHGHPGHDHSPSSH,0.7027777777777778,0.7125,36,4,0.3055555555555556,0.4444444444444444,0.4444444444444444,0.19444444444444445,0.0
DMMMKMMMKSSMDMSSHYHPSHMKHYSVAKSSHGS,0.7027380952380953,0.7134523809523808,35,7,0.37142857142857144,0.5142857142857142,0.4619047619047619,0.4,5.714285714285714
MFPFMMSMKMFMSSGSHCSSHSGSFKKKSSTCG,0.7027272727272728,0.7109090909090909,33,6,0.42424242424242425,0.36363636363636365,0.5,0.30303030303030304,0.0
MKPKMMPDMSSSYSSMPSKGMMMSCPKHMMSSTGS,0.7026190476190476,0.7119047619047619,35,4,0.45714285714285713,0.2857142857142857,0.4523809523809524,0.4,0.0
MKMGRPSPKSSMSSGSNKSSDPSGPCPPKSSGK,0.7025757575757575,0.7132575757575758,33,5,0.3939393939393939,0.36363636363636365,0.42424242424242425,0.2727272727272727,0.0
MMMMMDMSHSSGKMKSRSDGSSSHKPSSDFSPS,0.7025757575757575,0.7132575757575758,33,3,0.36363636363636365,0.36363636363636365,0.42424242424242425,0.3333333333333333,0.0
RDHMMMMSSKTMESESGMSSMHKCMSKFSSSGM,0.7025757575757575,0.7132575757575758,33,3,0.36363636363636365,0.36363636363636365,0.42424242424242425,0.45454545454545453,0.0
TARSSMTFMDHGPSGSFHSMMKSPSSSMSSTKS,0.7025757575757574,0.7102272727272727,33,4,0.36363636363636365,0.30303030303030304,0.48484848484848486,0.2727272727272727,3.0303030303030303
TKGMMAHSAMSSSKGHSSDSFGSSGSGPSSSPK,0.7025757575757574,0.7102272727272727,33,4,0.3939393939393939,0.30303030303030304,0.48484848484848486,0.24242424242424243,6.0606060606060606
MPTGKMSMSMSYMMKSMSGSSSSSSMAKSGHSH,0.7025757575757574,0.7102272727272727,33,5,0.3939393939393939,0.30303030303030304,0.48484848484848486,0.36363636363636365,3.0303030303030303
CSKMMMRSFSKSSHFSSMMSMSMWSSSQTMSKG,0.7025757575757574,0.7102272727272727,33,5,0.36363636363636365,0.30303030303030304,0.48484848484848486,0.3939393939393939,0.0
HHKAMSMMMMSSASMSGSSHSDSSMMSGSKSSS,0.7025757575757574,0.7102272727272727,33,4,0.36363636363636365,0.30303030303030304,0.48484848484848486,0.36363636363636365,6.0606060606060606
MWHMSKMASMSMMQSSMHSPKADHSSDSHTHSSS,0.7024509803921569,0.7105392156862744,34,5,0.3235294117647059,0.4117647058823529,0.4754901960784314,0.35294117647058826,5.88235294117647
MHSPGDMSMDSSMSGHVKSWKHSFSSSKQDK,0.7024193548387097,0.7124999999999999,31,4,0.3225806451612903,0.45161290322580644,0.43548387096774194,0.2903225806451613,3.225806451612903
DKGKMMKSMMMSMMHYMFKKMMSSSSHGMSSASSS,0.7023809523809524,0.7123809523809523,35,6,0.42857142857142855,0.4,0.4619047619047619,0.4857142857142857,2.857142857142857
SDKSMMKSMKMSCHSHSFFMHSSGSMKMKDSSPM,0.7023529411764706,0.7133823529411766,34,6,0.35294117647058826,0.47058823529411764,0.4411764705882353,0.38235294117647056,0.0
MMRMMMSDSSMHMKSKYFSHMKWDKTCHPSGSSP,0.7023529411764706,0.7133823529411766,34,6,0.38235294117647056,0.47058823529411764,0.4411764705882353,0.38235294117647056,0.0
DMMDAMDPSMSSMMSHHSMMKSSHSSSSMHSSKRK,0.7021428571428572,0.7125,35,5,0.3142857142857143,0.45714285714285713,0.4285714285714286,0.4,2.857142857142857
FGGKCHMDSMSMRSSMKHSSDWSMHSSSWDRSGSK,0.7021428571428572,0.7125,35,5,0.3142857142857143,0.45714285714285713,0.4285714285714286,0.2857142857142857,0.0
SSSKKKDKSKSMSDDDKMMMSMKKADMMPMKD,0.7020833333333334,0.7177083333333333,32,3,0.3125,0.5625,0.3229166666666667,0.5625,3.125
DMMYFTSKSMASSSKHKMSGDMMCEHSSHGSH,0.7020833333333334,0.7114583333333333,32,4,0.3125,0.4375,0.4479166666666667,0.34375,3.125
DKMTMMDADSSMKSPRHNSKSTSKMMDKFPSK,0.7020833333333334,0.7145833333333333,32,4,0.3125,0.5,0.3854166666666667,0.4375,3.125
DSSTTSSMKDMKMSMMMGQSKGMKSSGFGSKHSS,0.7018627450980391,0.7120098039215687,34,4,0.35294117647058826,0.35294117647058826,0.43137254901960786,0.38235294117647056,0.0
KMAMMMHDMSSSMDSMGRSMSCGSGSKKNGSTKS,0.7018627450980391,0.7120098039215687,34,4,0.38235294117647056,0.35294117647058826,0.43137254901960786,0.4117647058823529,2.941176470588235
KMMMDPDHWDMSMPSGSSKKSSSKPKDHPSSHY,0.7017676767676768,0.713510101010101,33,4,0.3333333333333333,0.48484848484848486,0.398989898989899,0.30303030303030304,0.0
MKDQMSDSMMMPRMSSSMDMKSHTSKKHYSMKS,0.7017676767676768,0.713510101010101,33,5,0.30303030303030304,0.48484848484848486,0.398989898989899,0.48484848484848486,0.0
DMGGNMSSFKSHMKHKSPGKMHMSHHPDNMTQPS,0.7016176470588237,0.7130882352941177,34,7,0.38235294117647056,0.5294117647058824,0.4411764705882353,0.3235294117647059,0.0
DTMMKPKDMSSPSMMSSSKMHSHFHFHSASCSSS,0.7014705882352942,0.7095588235294117,34,5,0.3235294117647059,0.4117647058823529,0.4705882352941177,0.29411764705882354,2.941176470588235
MMGTGKRGSFKSDSKSSSSHMMKSSVDPDSDHMH,0.7014705882352942,0.7125,34,4,0.3235294117647059,0.47058823529411764,0.411764705882353,0.29411764705882354,2.941176470588235
KGCKKSKMMMEDTMFFMHWSSMSSSSKMKPKQH,0.701439393939394,0.7137121212121212,33,7,0.36363636363636365,0.5454545454545454,0.42424242424242425,0.48484848484848486,0.0
MMMKMMSSHCIMSKKPAWDSSSHCSSSHHHPPS,0.7014393939393939,0.7106818181818182,33,7,0.36363636363636365,0.48484848484848486,0.48484848484848486,0.30303030303030304,6.0606060606060606
KMDFFSSHPVSMSSPRSHDHFSGPSPKTGSHSSSS,0.7011904761904761,0.7086904761904761,35,5,0.34285714285714286,0.4,0.48095238095238096,0.14285714285714285,2.857142857142857
PMKKSMMFDSSTKMDSHSDMSSPSSKMSHRAHDSA,0.7011904761904761,0.7115476190476191,35,4,0.3142857142857143,0.45714285714285713,0.4238095238095238,0.37142857142857144,5.714285714285714
DKDMMSDFKMMMGSSKKMKSAFSSKSSSSMSSKYH,0.7011904761904761,0.7115476190476191,35,5,0.3142857142857143,0.45714285714285713,0.4238095238095238,0.42857142857142855,2.857142857142857
YMMMMMSSAMMSSKSKMSSSFSSMSHSMSGSGSR,0.701078431372549,0.707843137254902,34,4,0.4117647058823529,0.23529411764705882,0.4950980392156863,0.4117647058823529,2.941176470588235
CMTFSMKDMHSMFPMGSSMSKSMSYKMSHHKKDSP,0.700952380952381,0.711309523809524,35,6,0.37142857142857144,0.45714285714285713,0.44761904761904764,0.37142857142857144,0.0
MMDGGGKDSMFRVHHDTPHSDKSSSPSCHSHSSSPT,0.700925925925926,0.7106481481481481,36,4,0.3055555555555556,0.4444444444444444,0.4351851851851852,0.16666666666666666,2.7777777777777777
DMRMSDMSGSMHMDSSSHFSMSSKGSHYMKSMSHKS,0.700925925925926,0.7106481481481481,36,5,0.3055555555555556,0.4444444444444444,0.4351851851851852,0.3333333333333333,0.0
EDMQMSKHMHSMSSMHMHSWMSDSSKMRMSHSSTSP,0.700925925925926,0.7106481481481481,36,5,0.3055555555555556,0.4444444444444444,0.4351851851851852,0.3888888888888889,0.0
SKMDGCHMFFSDHGSSHPSSFFSTSSHSGSPTSNHK,0.700925925925926,0.7078703703703704,36,5,0.3055555555555556,0.3888888888888889,0.49074074074074076,0.1111111111111111,0.0
MDTSCKGMMSMSMSSSSSAHSSHKGPHSSSGPFM,0.7008823529411764,0.7080882352941176,34,4,0.38235294117647056,0.29411764705882354,0.4852941176470588,0.2647058823529412,2.941176470588235
KKSMFMKSMSMSMMMHSASHGSYPHSDSSMHGS,0.7008080808080808,0.709520202020202,33,6,0.3939393939393939,0.42424242424242425,0.47979797979797983,0.36363636363636365,3.0303030303030303
DMTMKPMKTSPSSHSMSKSFYKPMHLSMDTHST,0.7007575757575758,0.709469696969697,33,5,0.3333333333333333,0.42424242424242425,0.4545454545454546,0.3333333333333333,3.0303030303030303
DQMMRMSFHADFMSSSSSKKCSKMSMSSTKAKY,0.7007575757575758,0.709469696969697,33,5,0.30303030303030304,0.42424242424242425,0.4545454545454546,0.45454545454545453,6.0606060606060606
MGPDMMSHMKSNKKMSSPSDSDSWHMSPQAHPSTST,0.7005555555555555,0.7097222222222223,36,3,0.3611111111111111,0.3333333333333333,0.4444444444444444,0.3055555555555556,2.7777777777777777
KDKSFFMSSFGCMKGGGMGCFRSPSSSSKSSST,0.7005555555555554,0.7082070707070707,33,4,0.3939393939393939,0.30303030303030304,0.47474747474747475,0.24242424242424243,0.0
DFMMSMFSMSCVKSMCGRSSMMSMSSSSHSKKM,0.7005555555555554,0.7082070707070707,33,4,0.3939393939393939,0.30303030303030304,0.47474747474747475,0.3939393939393939,3.0303030303030303
KMMMAKCDMMMDSSSMYSASMKFHSKDKKSQKTD,0.7004901960784314,0.7115196078431373,34,4,0.3235294117647059,0.47058823529411764,0.40686274509803927,0.5294117647058824,5.88235294117647
MSDMMHPAGSDSMSMSMPSKMSASSHSHSSSFSSH,0.7002380952380952,0.7070238095238095,35,3,0.37142857142857144,0.2857142857142857,0.4904761904761905,0.2857142857142857,5.714285714285714
KRMDMKDSYSMSKGMWSMSDHPSSHGSQSPSSMKH,0.7002380952380952,0.7105952380952381,35,5,0.3142857142857143,0.45714285714285713,0.41904761904761906,0.34285714285714286,0.0
DTMSMSAKMFMHKMSGWGSHHHSSPSASSSSHPSS,0.7000000000000001,0.7075,35,6,0.37142857142857144,0.4,0.5,0.2571428571428571,5.714285714285714
MKAMYDKSMMGMSDMDFNKFKTSHFKSSSGKQSHDQ,0.7000000000000001,0.7097222222222223,36,4,0.3333333333333333,0.4444444444444444,0.4305555555555556,0.4166666666666667,2.7777777777777777
DGGEKSKMMKMSSGRMSMSTMSHHMSHSGASSGSH,0.7,0.7103571428571429,35,6,0.37142857142857144,0.45714285714285713,0.44285714285714284,0.37142857142857144,2.857142857142857
