sequence,overall_score,membrane_reactivity,length,charge,hydrophobicity,aliphatic_index,secondary_structure
HSYQHHVWVWVWWRWVSDHDWHNVI,0.9075,0.9075,25,4,0.48,24.0,0.08
HIVKEVIWWYSWNHPVWHWSWHW,0.9,0.9,23,4,0.5652173913043478,21.73913043478261,0.08695652173913043
HPVVVWYWGIKSWMKSKKHE,0.8975000000000001,0.8975000000000001,20,5,0.5,20.0,0.3
IWGWVSSHIVCWVHHHVRVVHVWYHRDHDAEDCVW,0.8975,0.8975,35,5,0.4857142857142857,31.428571428571427,0.11428571428571428
RWGEVSWLYVEWSEWWPMKVVVVVKINHVVVSVVV,0.8925,0.8925,35,1,0.6571428571428571,42.857142857142854,0.22857142857142856
HHYVSHVWYWIYWVSLWVIMLNVMYDWHVVRVEV,0.8900000000000001,0.8900000000000001,34,3,0.5882352941176471,38.23529411764706,0.17647058823529413
LPSSYRHCIWCWLHVHHSHKWMSWEV,0.89,0.89,26,6,0.4230769230769231,19.230769230769234,0.23076923076923078
IKLYEASSPWHVSVWWWVSVVWHVVDHVWWH,0.89,0.89,31,3,0.6129032258064516,35.483870967741936,0.12903225806451613
WGVEWVWWIYHVHEWYRWWWVWDVDWVWVHV,0.89,0.89,31,0,0.6774193548387096,29.03225806451613,0.0967741935483871
LCRHYSIHSVWSMHRWV,0.89,0.89,17,5,0.4117647058823529,23.52941176470588,0.23529411764705882
WISMVIWHEVRHGVRLVSVVWHRV,0.89,0.89,24,5,0.625,41.66666666666667,0.25
IWSTHRWLVWERWIIVTYDIVHPWYFSSV,0.8850000000000001,0.8850000000000001,29,2,0.5517241379310345,31.03448275862069,0.13793103448275862
QWSKWWWEVHTVVHHDVYWIMLHIW,0.885,0.885,25,3,0.56,28.000000000000004,0.2
KVSESVIWWHVWHL,0.885,0.885,14,2,0.5714285714285714,35.714285714285715,0.21428571428571427
YSVEVYEELVPYMVYWVWVSWVPWRI,0.885,0.885,26,-2,0.6153846153846154,34.61538461538461,0.23076923076923078
PKSTSWWSSVMWIVWVIWWH,0.885,0.885,20,2,0.65,25.0,0.1
KSWPVVSWCLVSCCWPVHSMNNHVDVHH,0.885,0.885,28,4,0.4642857142857143,25.0,0.10714285714285714
ASIYWVEKHVSHMSIRHVPVSVDEVKVS,0.8825,0.8825,28,3,0.4642857142857143,35.714285714285715,0.25
KYYWWWSRVSWHHVRYEHEVVVVHHIVDHHSD,0.8825,0.8825,32,6,0.375,25.0,0.15625
SSYKSWVGHIWSEIYIHS,0.88,0.88,18,2,0.3888888888888889,22.22222222222222,0.1111111111111111
HWIHDSEKKVNWWIHTEWWWIEWIVVWVWVIDRD,0.88,0.88,34,0,0.5588235294117647,29.411764705882355,0.17647058823529413
VSWHEKSCHWWWY,0.8775000000000001,0.8775000000000001,13,2,0.38461538461538464,7.6923076923076925,0.15384615384615385
WCIEHVVVWVHYMVSVSWIRWVNIH,0.8775000000000001,0.8775000000000001,25,3,0.6,40.0,0.12
WEWVSWEVWWVSRRHDMTHS,0.8775000000000001,0.8775000000000001,20,1,0.45,15.0,0.25
PKVWVVIWEWDEWVRHWN,0.8775,0.8775,18,0,0.6111111111111112,27.77777777777778,0.2222222222222222
CWWDEVPKCYHWLIWVHVYW,0.8775,0.8775,20,1,0.55,25.0,0.15
CEHVSVTSYRVWGHWIVTWVWYHIIDHVWVEVVVM,0.8775,0.8775,35,2,0.5714285714285714,37.142857142857146,0.11428571428571428
WSQSQYWHVVVVVWWVHRHWV,0.8775,0.8775,21,4,0.5714285714285714,33.33333333333333,0.14285714285714285
WKSMMYVSWWSIHPHVKWV,0.8750000000000001,0.8750000000000001,19,4,0.5789473684210527,21.052631578947366,0.21052631578947367
HWIWSYDHYQPYIRPHVEVWMHHHWH,0.8750000000000001,0.8750000000000001,26,6,0.4230769230769231,15.384615384615385,0.15384615384615385
SWIVHWVEWHRIENKWMYY,0.8750000000000001,0.8750000000000001,19,2,0.47368421052631576,21.052631578947366,0.2631578947368421
VSWSRIHWIHMSWWV,0.875,0.875,15,3,0.6,26.666666666666668,0.13333333333333333
KKWWSWWSWWHHWV,0.875,0.875,14,4,0.5714285714285714,7.142857142857142,0.14285714285714285
YIHAYSVSHVVRMVIWHLNVWNRRVHVVHV,0.875,0.875,30,8,0.5333333333333333,43.333333333333336,0.2
NVELEHDWSHVYVYWWERV,0.8749999999999999,0.8749999999999999,19,-1,0.42105263157894735,26.31578947368421,0.2631578947368421
SCSWWSWSVWRIHHWSHYVVTYLEHVVWEW,0.8725,0.8725,30,3,0.4666666666666667,23.333333333333332,0.13333333333333333
EVVCVELVVYVWVWCWYCWWVVEVVVDKENAHSVEW,0.8725,0.8725,36,-4,0.5833333333333334,41.66666666666667,0.2222222222222222
NSILVWWVVHIWVHRE,0.8725,0.8725,16,2,0.625,43.75,0.1875
AWSESWISECHEVYHMSREH,0.8725,0.8725,20,0,0.3,15.0,0.35
SSSVVIVSTHWIWWWCREVTDSSHNWHI,0.8725,0.8725,28,2,0.42857142857142855,25.0,0.07142857142857142
EHKSHWVYYYYWIS,0.8725,0.8725,14,2,0.2857142857142857,14.285714285714285,0.14285714285714285
SKESPVWWYVSWVLSVVVWVSHVVVHNVPVVWW,0.8724999999999999,0.8724999999999999,33,2,0.6666666666666666,42.42424242424242,0.09090909090909091
IWIWYEKENSKVTVIWWVV,0.8700000000000002,0.8700000000000002,19,0,0.5789473684210527,36.84210526315789,0.21052631578947367
WVNESVIWVWIIVWHRYVVVSRH,0.8700000000000001,0.8700000000000001,23,3,0.6086956521739131,43.47826086956522,0.13043478260869565
DSENHLWWWVWVYEMHHEIYWVWYWYYR,0.87,0.87,28,0,0.4642857142857143,17.857142857142858,0.21428571428571427
PYISYRIVHSIWWVKTWWVVMVVVVSVWW,0.87,0.87,29,3,0.6896551724137931,41.37931034482759,0.10344827586206896
PSHHWVWCSWVIHYNYHDK,0.87,0.87,19,4,0.3684210526315789,15.789473684210526,0.05263157894736842
PWMKKYWWHVCWVHVNDMVVISDHEWV,0.87,0.87,27,2,0.5555555555555556,25.925925925925924,0.18518518518518517
SKASSAHWGHTSWYWVI,0.87,0.87,17,3,0.47058823529411764,23.52941176470588,0.17647058823529413
PVISSSSWHWVHCDYGIIKYHYHDVVDRWSHV,0.87,0.87,32,4,0.40625,25.0,0.0625
VVKSEWHVLVWRIWVHNCWHINMVV,0.8699999999999999,0.8699999999999999,25,4,0.6,40.0,0.2
WIVEHVKYMKWWIWISR,0.8675000000000002,0.8675000000000002,17,3,0.5882352941176471,29.411764705882355,0.29411764705882354
WSIWKHWSWVWVVW,0.8675,0.8675,14,2,0.7142857142857143,28.57142857142857,0.07142857142857142
SHIHRGHWSHMCSIS,0.8675,0.8675,15,5,0.3333333333333333,13.333333333333334,0.13333333333333333
KIWHWEIPVCGYSLWMSV,0.8675,0.8675,18,1,0.6111111111111112,27.77777777777778,0.2222222222222222
IAIEWPVWHHKNYV,0.8675,0.8675,14,2,0.5714285714285714,35.714285714285715,0.21428571428571427
IKDNDESHIWHISWCLHWHW,0.8675,0.8675,20,2,0.4,20.0,0.15
YVVWIHRVMEHHTSSW,0.8675,0.8675,16,3,0.4375,25.0,0.1875
SSSVSRWWHWCMYVTHHW,0.8675,0.8675,18,4,0.3888888888888889,11.11111111111111,0.1111111111111111
VVVCNQHIHSWRELIWNHEWVWIHVHVWISWWVVI,0.8675,0.8675,35,4,0.6,40.0,0.14285714285714285
YCERWDPHHLSVSIHWVVWVIHLNRVWIVWV,0.8675,0.8675,31,4,0.5806451612903226,38.70967741935484,0.16129032258064516
ICVEWHWVSSESSISVWHWNVVVNHTVVVKWP,0.8675,0.8675,32,2,0.53125,34.375,0.09375
SWSISSWWIVRVEESHVVTNVRY,0.8675,0.8675,23,1,0.43478260869565216,30.434782608695656,0.17391304347826086
NHRKEWPVKWICVEIVI,0.8675,0.8675,17,2,0.5294117647058824,35.294117647058826,0.29411764705882354
LISWQSPAKHSHVYVHRWYVVVREDYV,0.8675,0.8675,27,4,0.4444444444444444,33.33333333333333,0.25925925925925924
KSHIKSWWHYVPEWSWNVVSCDW,0.8675,0.8675,23,2,0.43478260869565216,17.391304347826086,0.13043478260869565
CVSICRVSWWYHQIEGHYS,0.8674999999999999,0.8674999999999999,19,2,0.3684210526315789,21.052631578947366,0.15789473684210525
LHHKIIYSNWDYWVRHHWV,0.865,0.865,19,5,0.42105263157894735,26.31578947368421,0.15789473684210525
WHVVSYMYMTVYVRVCEVWVWTHEHM,0.865,0.865,26,2,0.5,26.923076923076923,0.23076923076923078
TVQVYHWIHWIYVVVVWVHVDVEHHWVKWHWIWW,0.865,0.865,34,5,0.6176470588235294,38.23529411764706,0.08823529411764706
LWSENYWEVVHSVVVCTWIYWYHHVMHDRWDVD,0.865,0.865,33,0,0.45454545454545453,27.27272727272727,0.15151515151515152
WVSCSVKIVWVPWHEDWWRS,0.865,0.865,20,1,0.55,25.0,0.15
DIISWWEVWWDHVWKVCHHWHYSVW,0.865,0.865,25,2,0.52,24.0,0.08
NWNKPVWVWVLWHWWWHPVWWWYVVN,0.865,0.865,26,3,0.7307692307692307,26.923076923076923,0.07692307692307693
WKPVYWIMQPSVSPSSWNWNNWHMDVRVE,0.865,0.865,29,1,0.5172413793103449,17.24137931034483,0.20689655172413793
IYMSSYHSSWWSWPHEVRV,0.865,0.865,19,2,0.42105263157894735,15.789473684210526,0.15789473684210525
IKYSWVHEMYSSHIGVLIE,0.865,0.865,19,1,0.47368421052631576,31.57894736842105,0.2631578947368421
SVSVWVVDWWWAWDVIYTWIHHHSEVDWVVKDWIMR,0.865,0.865,36,0,0.5833333333333334,33.33333333333333,0.1388888888888889
VSWSVWSVISPWYYVQWWHQVVIVYKYH,0.865,0.865,28,3,0.5357142857142857,32.142857142857146,0.10714285714285714
SKIYEVLICRSH,0.8625000000000002,0.8625000000000002,12,2,0.3333333333333333,33.33333333333333,0.3333333333333333
WSIYVRWSKVIVSEWSEIVVYDQDVWVSVVHVWHVT,0.8625000000000002,0.8625000000000002,36,0,0.5277777777777778,38.88888888888889,0.1388888888888889
TIVWVEMSYSKWHVSSTWVQWW,0.8625000000000002,0.8625000000000002,22,1,0.5,22.727272727272727,0.18181818181818182
VCEESSYRVHWVWGVVVHHN,0.8625,0.8625,20,2,0.45,30.0,0.15
WSEVVWSVWVRWVHIHKVG,0.8625,0.8625,19,3,0.631578947368421,36.84210526315789,0.15789473684210525
IVSSRVSWEVHWHWHW,0.8625,0.8625,16,3,0.5,25.0,0.125
PWWDWHWWYVSWMRSWWHILHHWCVVI,0.8625,0.8625,27,4,0.6296296296296297,22.22222222222222,0.1111111111111111
DYNIEKHPVIVIIHVVHSHS,0.8625,0.8625,20,3,0.45,40.0,0.1
KWVSWNVWHHEHWVHCWNVHDVYSS,0.8625,0.8625,25,4,0.4,20.0,0.08
WYSSVHYWIVVEVWHTVKHVVN,0.8625,0.8625,22,3,0.5,36.36363636363637,0.09090909090909091
YCVVRHWGHHYHHSMVPHSW,0.8625,0.8625,20,7,0.4,15.0,0.1
CYEHVYWVYVVHMDSVHDVYVHYNISWKVH,0.8625,0.8625,30,3,0.4,30.0,0.1
HCVWCVYHKCESM,0.8625,0.8625,13,2,0.3076923076923077,15.384615384615385,0.23076923076923078
STCCKVWVVEWSHVWISH,0.8625,0.8625,18,2,0.4444444444444444,27.77777777777778,0.1111111111111111
PVCIYVSVIVPVWKEV,0.8625,0.8625,16,0,0.6875,50.0,0.125
WYEYRYWIWHVVEDWSW,0.8625,0.8625,17,-1,0.47058823529411764,17.647058823529413,0.17647058823529413
WNVQKWIHVMIDWLHIHHWWDSDHHWH,0.8625,0.8625,27,5,0.48148148148148145,22.22222222222222,0.14814814814814814
ISVSHWLHTVHMELSHHVVYVRSVVCVRYDRCH,0.8625,0.8625,33,7,0.3939393939393939,33.33333333333333,0.21212121212121213
ISPKIDHEVCVCVWHWVWWVCRVWC,0.8624999999999999,0.8624999999999999,25,2,0.56,32.0,0.12
IDVHCVHCHVMWKHSWV,0.8624999999999999,0.8624999999999999,17,4,0.47058823529411764,29.411764705882355,0.11764705882352941
KHKWVISIYWSVSVICHSWVVVTHVVHVVNHNV,0.8624999999999999,0.8624999999999999,33,7,0.5151515151515151,42.42424242424242,0.06060606060606061
YEDVQVEWWHPYIWHSGVVSVSYHYHHRD,0.8624999999999999,0.8624999999999999,29,2,0.3793103448275862,20.689655172413794,0.13793103448275862
SRYECWYEVHVDYVWVVHYSWHVDE,0.8624999999999999,0.8624999999999999,25,-1,0.36,24.0,0.16
PNHPNVEYVVEYWIHWVWVKVNVSWSY,0.8624999999999999,0.8624999999999999,27,1,0.5185185185185185,29.629629629629626,0.1111111111111111
IPVPYVIKWMCVSVMWHTVYNWCWHHW,0.8600000000000001,0.8600000000000001,27,4,0.5925925925925926,25.925925925925924,0.1111111111111111
LECSYWRSVYHVHVVYSS,0.8600000000000001,0.8600000000000001,18,2,0.3333333333333333,27.77777777777778,0.16666666666666666
WWKSVIVSWSCHWHEYNHYEVPVIVHWTIIWVPLWV,0.86,0.86,36,3,0.5833333333333334,33.33333333333333,0.1111111111111111
SSSWSRKLIVHWHSHWHWMVLHVEWW,0.86,0.86,26,6,0.5,23.076923076923077,0.23076923076923078
SSHYSWWWWHRMEV,0.86,0.86,14,2,0.42857142857142855,7.142857142857142,0.21428571428571427
TCSPQEVMEMVWVSTSVMVWWKV,0.86,0.86,23,-1,0.5652173913043478,26.08695652173913,0.30434782608695654
VWNVWVNWSRSEWYIIISHVHEYVWMEHWD,0.86,0.86,30,0,0.5,26.666666666666668,0.16666666666666666
QVSEIISWSYKHWH,0.8575,0.8575,14,2,0.35714285714285715,21.428571428571427,0.21428571428571427
KVSVIVKPSWSHSVWYWYWHWWWVRD,0.8575,0.8575,26,4,0.5384615384615384,23.076923076923077,0.11538461538461539
VKHYYWVWVWWH,0.8575,0.8575,12,3,0.5833333333333334,25.0,0.08333333333333333
CCIEESVCYRMV,0.8575,0.8575,12,-1,0.3333333333333333,25.0,0.3333333333333333
YWIREYVHVIDVVIVEWVV,0.8575,0.8575,19,-1,0.631578947368421,52.63157894736842,0.15789473684210525
QVWKVCVSVHIHVYSWR,0.8575,0.8575,17,4,0.47058823529411764,35.294117647058826,0.17647058823529413
YSHSWHWWVQVVWWVVWVIVVRCVIHVSIKWH,0.8575,0.8575,32,6,0.625,40.625,0.09375
WREYVCSVWTSIWVWISI,0.8575,0.8575,18,0,0.5555555555555556,33.33333333333333,0.1111111111111111
VEYWWVWWVYHRVIVHSVHHVNNVYDEYMYSHC,0.8575,0.8575,33,3,0.42424242424242425,27.27272727272727,0.12121212121212122
NAWKEVSVVWEWMMVHSDVIVHVHVTDWHSMD,0.8575,0.8575,32,0,0.53125,31.25,0.21875
VAYWEVCVHVYYVTRSVVSY,0.8575,0.8575,20,1,0.45,40.0,0.15
KVVMCIVRSSHIIVWHV,0.8575,0.8575,17,4,0.5882352941176471,47.05882352941176,0.17647058823529413
WSVCEYKVIYVDWWHEIWY,0.8575,0.8575,19,-1,0.47368421052631576,26.31578947368421,0.15789473684210525
CYVVSSRCSVLVWSHWYHHHIWHHVESEIWD,0.8575,0.8575,31,4,0.3870967741935484,25.806451612903224,0.12903225806451613
WTEYWDPVSWEWSWIWVVHWRVNWVSWVHVDWWV,0.8575,0.8575,34,-1,0.6176470588235294,26.47058823529412,0.08823529411764706
SWEYYCEWVSCCCKWVVCIWVNVYYWWT,0.8575,0.8575,28,-1,0.42857142857142855,21.428571428571427,0.10714285714285714
VKEHHNWVSWVVWCGVVVV,0.8575,0.8575,19,2,0.631578947368421,42.10526315789473,0.10526315789473684
LVVYNKVWEWWHSWH,0.8574999999999999,0.8574999999999999,15,2,0.5333333333333333,26.666666666666668,0.2
PWYASMVEYYHVHIWVLRNPGNHVVI,0.8574999999999999,0.8574999999999999,26,3,0.5769230769230769,34.61538461538461,0.19230769230769232
HSRVWPHQSWDHVSWMYNHYIKDVVDHVWVH,0.8574999999999999,0.8574999999999999,31,5,0.41935483870967744,22.58064516129032,0.12903225806451613
YKHVHSSWRYRVHMWWYVVCHTKERNLTDVVI,0.8574999999999999,0.8574999999999999,32,7,0.375,25.0,0.25
EWEDWIVEWVSWVVIVIHWDHMSWIKNVWWWWRVH,0.8574999999999999,0.8574999999999999,35,0,0.6285714285714286,31.428571428571427,0.17142857142857143
WEWSMSVSVYWVSWDEHRYWVD,0.8550000000000001,0.8550000000000001,22,-2,0.45454545454545453,18.181818181818183,0.18181818181818182
WPKTCRVYWWIEWINWGVVR,0.8550000000000001,0.8550000000000001,20,2,0.6,25.0,0.2
IESYCVHWMHIVEDKNEIWD,0.8550000000000001,0.8550000000000001,20,-2,0.4,25.0,0.25
WWDIVEVEWRWWSVL,0.8550000000000001,0.8550000000000001,15,-2,0.6666666666666666,33.33333333333333,0.26666666666666666
VWWHIVWHVVHVEYWMVVCTIHWKVHMNS,0.8550000000000001,0.8550000000000001,29,5,0.5862068965517241,34.48275862068966,0.13793103448275862
KIVHCEVWCEVS,0.8550000000000001,0.8550000000000001,12,0,0.4166666666666667,33.33333333333333,0.25
SIEHIWSHSIRSDWYCM,0.8550000000000001,0.8550000000000001,17,1,0.35294117647058826,17.647058823529413,0.17647058823529413
SSIYWVRWHVHWWNHVWWWHHHWVHDVRWVDVVVLH,0.8550000000000001,0.8550000000000001,36,8,0.5555555555555556,30.555555555555557,0.08333333333333333
KIHWVSPYQSMCVIDDHHVWYHCWLHHVWWYV,0.8550000000000001,0.8550000000000001,32,5,0.46875,25.0,0.125
DKHPHWNWIWSHVDWWSWH,0.8550000000000001,0.8550000000000001,19,3,0.47368421052631576,10.526315789473683,0.05263157894736842
WSIHWWDVVSSWSKMVMWHH,0.8550000000000001,0.8550000000000001,20,3,0.55,20.0,0.15
KWHVKEIEWVWHV,0.8550000000000001,0.8550000000000001,13,2,0.5384615384615384,30.76923076923077,0.3076923076923077
SHDSAHWRVCIYVSVHWST,0.8550000000000001,0.8550000000000001,19,3,0.3684210526315789,26.31578947368421,0.10526315789473684
KLSWWVEHHMWVVMD,0.8550000000000001,0.8550000000000001,15,1,0.6,26.666666666666668,0.3333333333333333
SWVKHWVHWRHVIMV,0.855,0.855,15,5,0.6,33.33333333333333,0.2
NSVVSHMWCIRGYHYHNDVRYWHVHSVY,0.855,0.855,28,6,0.35714285714285715,21.428571428571427,0.10714285714285714
HNEKKTVQWSHWCCEVVDQHIHVVSNVHWDVPWVV,0.855,0.855,35,3,0.42857142857142855,28.57142857142857,0.17142857142857143
KSDHYKSHYVCWCWHYETSDNPVS,0.855,0.855,24,2,0.20833333333333334,8.333333333333332,0.125
SVWVHHWKWSSMVVPVWWVV,0.855,0.855,20,3,0.7,35.0,0.1
IDSIEPKMSIHIHRWWWSH,0.855,0.855,19,3,0.47368421052631576,21.052631578947366,0.21052631578947367
PKISSEWSEVEYVVWW,0.8525000000000001,0.8525000000000001,16,-2,0.5,25.0,0.25
ENVWKNVSREWHVHQIWWHVYHHHDVWMDVDISW,0.8525000000000001,0.8525000000000001,34,3,0.4411764705882353,23.52941176470588,0.17647058823529413
ESYVNHSESWKWWWHKHIV,0.8525000000000001,0.8525000000000001,19,3,0.3684210526315789,15.789473684210526,0.21052631578947367
SDAMVKHHKVHWHYGV,0.8525000000000001,0.8525000000000001,16,5,0.4375,25.0,0.25
SDWWSWSVRHHWYSEHVSHHVHVHWPNSVVC,0.8525000000000001,0.8525000000000001,31,6,0.3870967741935484,19.35483870967742,0.06451612903225806
VINHSPWPEWDCHVKY,0.8525000000000001,0.8525000000000001,16,1,0.4375,18.75,0.125
WSWEYVWHTKVHSEWVSWHRLNYVHDWWWW,0.8525000000000001,0.8525000000000001,30,3,0.4666666666666667,16.666666666666664,0.16666666666666666
SIRSWWSVHHSHVWKWNHV,0.8525000000000001,0.8525000000000001,19,6,0.42105263157894735,21.052631578947366,0.10526315789473684
WDSWWWVKEWIPWV,0.8525,0.8525,14,-1,0.7142857142857143,21.428571428571427,0.14285714285714285
KEWYWSIWHV,0.8525,0.8525,10,1,0.5,20.0,0.2
HSHVNKVKVSVWEPVWIWIEYVMYVHN,0.8525,0.8525,27,3,0.5185185185185185,33.33333333333333,0.18518518518518517
YQVVHYVYFYHCVHKHVVENNVVET,0.8525,0.8525,25,3,0.36,32.0,0.16
SVHWEWKWNSWWLYVVWSYS,0.8500000000000001,0.8500000000000001,20,1,0.5,20.0,0.15
RVIWWSWYWVHVKYWVVICEMYK,0.8500000000000001,0.8500000000000001,23,3,0.5652173913043478,30.434782608695656,0.21739130434782608
WSCKWVTITVSWKSWWLE,0.8500000000000001,0.8500000000000001,18,1,0.5,22.22222222222222,0.2222222222222222
KEVVNCEVWMYVLVWYYH,0.85,0.85,18,0,0.5,33.33333333333333,0.2777777777777778
SHLWVVYVVEVYWKVWWDDTWTYVVED,0.85,0.85,27,-3,0.5185185185185185,33.33333333333333,0.14814814814814814
IVSVSWWWVWIVDVSPHWYVRWWIHHSVCWTYMV,0.85,0.85,34,3,0.6176470588235294,32.35294117647059,0.058823529411764705
WWLEWDDRVHHHY,0.85,0.85,13,1,0.38461538461538464,15.384615384615385,0.23076923076923078
VNKCVSWHWSIQVCHSEVHVWVVV,0.85,0.85,24,3,0.5,37.5,0.125
CRVSMVIHEICVVSEVVVSHWV,0.85,0.85,22,1,0.5454545454545454,45.45454545454545,0.18181818181818182
VWWYKWVWSVRHHVMVDWSVVW,0.85,0.85,22,3,0.6363636363636364,31.818181818181817,0.13636363636363635
QHDWWWVWWCEPYVHVWSYDVIK,0.85,0.85,23,0,0.5217391304347826,21.73913043478261,0.13043478260869565
YWWHVVHEDSWHVDVIWRIVVVVVHDVV,0.85,0.85,28,1,0.6071428571428571,46.42857142857143,0.07142857142857142
SKSHMSSWSMVVVWVWVWRWVHIHKWVRKRIVVV,0.85,0.85,34,9,0.5882352941176471,35.294117647058826,0.23529411764705882
PSKVSYAWWHVSVCWVSEVVDVMVDVHV,0.85,0.85,28,0,0.5714285714285714,39.285714285714285,0.14285714285714285
SISSSKHVCEHIYHSWVWYVWHHV,0.8499999999999999,0.8499999999999999,24,5,0.375,25.0,0.08333333333333333
IIVSIVSVHIHYRVVSMVVYYVSWSVVWIWWDVH,0.8475000000000001,0.8475000000000001,34,3,0.6176470588235294,47.05882352941176,0.058823529411764705
YYHKWVHVISVIHMIVRV,0.8475000000000001,0.8475000000000001,18,5,0.5555555555555556,44.44444444444444,0.16666666666666666
KIEVYCYPSYYVVRVSSV,0.8475000000000001,0.8475000000000001,18,1,0.3888888888888889,33.33333333333333,0.16666666666666666
YYYICVHVDRVHHW,0.8475000000000001,0.8475000000000001,14,3,0.35714285714285715,28.57142857142857,0.07142857142857142
VVEVWEWSVVVYIHVRM,0.8475,0.8475,17,0,0.6470588235294118,47.05882352941176,0.23529411764705882
SCISHRWPSVVCHVIVVV,0.8475,0.8475,18,3,0.5555555555555556,44.44444444444444,0.05555555555555555
NWRWVHWYVVINHEMP,0.8475,0.8475,16,2,0.5625,25.0,0.1875
HSWHVNWSKDTHISMHWVYWVWVRHVWV,0.8475,0.8475,28,6,0.5,25.0,0.10714285714285714
VNVWTWSYVNIPNWHEEEYWVYVCVWVDVVVRMIL,0.8475,0.8475,35,-2,0.5714285714285714,37.142857142857146,0.17142857142857143
KWSIESHQVIWPHYDD,0.8475,0.8475,16,0,0.375,18.75,0.1875
VHNHWSHWSIWWSVRHHHWHYV,0.8475,0.8475,22,8,0.4090909090909091,18.181818181818183,0.045454545454545456
SAVEMIDRESHHI,0.8475,0.8475,13,0,0.38461538461538464,30.76923076923077,0.38461538461538464
KYSWSHGVKVHWIQH,0.8475,0.8475,15,5,0.4,20.0,0.2
SSVPVISWRSWKEETHVWWWVVV,0.8475,0.8475,23,1,0.5652173913043478,30.434782608695656,0.17391304347826086
WRWSIYVWWWVVVH,0.8475,0.8475,14,2,0.7142857142857143,35.714285714285715,0.07142857142857142
KNNHINSWHYVHHHWHIHDHVMIH,0.8475,0.8475,24,9,0.3333333333333333,20.833333333333336,0.08333333333333333
SWNWHSHHVWHVWVKRWHWMIDRVRY,0.8475,0.8475,26,8,0.46153846153846156,19.230769230769234,0.19230769230769232
WIVENSHWDVYWHHVSIKGVEVVNVH,0.8475,0.8475,26,2,0.5,34.61538461538461,0.11538461538461539
KCSWSSHSIYVHYVDMAHWVIVKHHHVVVVVHYSV,0.8475,0.8475,35,8,0.45714285714285713,37.142857142857146,0.11428571428571428
VHYKSVWSVVVSVYWVHEWVWWVH,0.8475,0.8475,24,3,0.5833333333333334,37.5,0.08333333333333333
VWTESSWSEWWHHWYHSSHSHRHYVRYRQ,0.8475,0.8475,29,7,0.2413793103448276,6.896551724137931,0.20689655172413793
HKSWVWYNIHICIHVMVIWSETVITVNVHHIHVV,0.8475,0.8475,34,6,0.5294117647058824,41.17647058823529,0.08823529411764706
NTSWNYHGHHHIHHVWWPRWVVHH,0.8475,0.8475,24,9,0.4166666666666667,16.666666666666664,0.041666666666666664
VVKLPHGIHVVPVWLNNSHSI,0.8475,0.8475,21,4,0.6190476190476191,42.857142857142854,0.14285714285714285
KSPWSVHVWYEVHWCW,0.8475,0.8475,16,2,0.5,18.75,0.125
IPNIIIVITSSMVWSWHRWNWSWYHWSCHVNHN,0.8450000000000002,0.8450000000000002,33,5,0.48484848484848486,24.242424242424242,0.06060606060606061
REHHWEVKELCW,0.8450000000000001,0.8450000000000001,12,1,0.3333333333333333,16.666666666666664,0.5
HWSHNSPPCVYWWNVKEHHSVLHWW,0.8450000000000001,0.8450000000000001,25,5,0.44,16.0,0.12
KSEEVDHHVESWWIVVRIVV,0.8450000000000001,0.8450000000000001,20,0,0.5,40.0,0.25
SHICKWVEEKVSI,0.8450000000000001,0.8450000000000001,13,1,0.38461538461538464,30.76923076923077,0.3076923076923077
HYSYHELHWSPNHKWHH,0.8450000000000001,0.8450000000000001,17,6,0.23529411764705882,5.88235294117647,0.17647058823529413
VWIYHSVEIEHK,0.8450000000000001,0.8450000000000001,12,1,0.4166666666666667,33.33333333333333,0.25
VSEVVTSQYVWHEKWWDCFH,0.8450000000000001,0.8450000000000001,20,0,0.4,20.0,0.2
DVESHSSIWICLSTWVVVHEVVVVVHDVHPKVWKHH,0.8450000000000001,0.8450000000000001,36,4,0.5,38.88888888888889,0.1388888888888889
VDKEVPEDVWWRESHSYYWVVMVPVVHHDVHVVVN,0.8450000000000001,0.8450000000000001,35,0,0.5142857142857142,34.285714285714285,0.17142857142857143
YHSYKWVSHHWWDWPKVVYHDPYSWSSI,0.8450000000000001,0.8450000000000001,28,4,0.39285714285714285,14.285714285714285,0.07142857142857142
IIESEYIVHVVRVYVSDRVVHNVHYHTDWRHYVHV,0.845,0.845,35,5,0.4,37.142857142857146,0.14285714285714285
SYWSYCSCWYHSDHRECWVVHWVYKHSVVVN,0.845,0.845,31,4,0.3225806451612903,19.35483870967742,0.0967741935483871
CQLESECYGLESSHPHRSYVRLYVVVVNSVN,0.845,0.845,31,1,0.3548387096774194,29.03225806451613,0.2903225806451613
WWEWSMVKWSCRWWLVVDWYVTIVNIMWCWHVTID,0.8425000000000001,0.8425000000000001,35,0,0.6,28.57142857142857,0.17142857142857143
IIMWIWVSIVIEWTRV,0.8425000000000001,0.8425000000000001,16,0,0.75,50.0,0.1875
CKVWTHCVHC,0.8425,0.8425,10,3,0.3,20.0,0.1
WWKVCFSWPVKWTWHEWHHVKHVSNHVWVVLIH,0.8425,0.8425,33,8,0.5454545454545454,27.27272727272727,0.15151515151515152
VSWHDHWVSWLKIHVVVDIVIQVDVVVVLIVVWNHC,0.8425,0.8425,36,2,0.6388888888888888,52.77777777777778,0.1111111111111111
LTVISQKPVDVIIHSISH,0.8425,0.8425,18,2,0.5,44.44444444444444,0.16666666666666666
KIVSCVVYVHVVQHWVVDSCH,0.8425,0.8425,21,3,0.47619047619047616,42.857142857142854,0.09523809523809523
WSSVVVIESWSYVVHVVWWVVEVHVHSYDSSDRHT,0.8425,0.8425,35,1,0.45714285714285713,34.285714285714285,0.08571428571428572
WISCSNHSVWWWVVWPVWRHVE,0.8425,0.8425,22,2,0.5909090909090909,27.27272727272727,0.09090909090909091
KICKSWVVVIWLHVMWKSMNWW,0.8425,0.8425,22,4,0.6363636363636364,31.818181818181817,0.2727272727272727
IDWVVWMEWRVSEYVHVVVWVNWHWVVWV,0.8425,0.8425,29,0,0.6896551724137931,41.37931034482759,0.13793103448275862
VWWSESYTKNHIHPVYSDVEN,0.8425,0.8425,21,0,0.3333333333333333,19.047619047619047,0.14285714285714285
SENKVVVIWHWVSWQHWWEYWVNVW,0.8425,0.8425,25,1,0.56,28.000000000000004,0.16
WWYAYEWVKLYSVVHWYHV,0.8425,0.8425,19,2,0.5263157894736842,31.57894736842105,0.21052631578947367
PWIVVYWKNVVHSSYVWCHDHNVWWHVWWDVWVV,0.8425,0.8425,34,3,0.5882352941176471,32.35294117647059,0.029411764705882353
WDSWEEWKVWVRVSVMW,0.8425,0.8425,17,-1,0.5882352941176471,23.52941176470588,0.29411764705882354
KMNSYEMVHHWNVHYH,0.8425,0.8425,16,4,0.3125,12.5,0.25
WYKVSIHVVDVIWVLHH,0.8425,0.8425,17,3,0.5882352941176471,47.05882352941176,0.11764705882352941
SVPKEISIVVQAVWVTVW,0.8425,0.8425,18,0,0.6666666666666666,50.0,0.2222222222222222
CKWWVWHYVSHNV,0.8425,0.8425,13,3,0.46153846153846156,23.076923076923077,0.07692307692307693
KSSKSSVWWVVMIPWIV,0.8425,0.8425,17,2,0.6470588235294118,35.294117647058826,0.17647058823529413
IWPSKWLHDISH,0.8425,0.8425,12,2,0.5,25.0,0.16666666666666666
PSIIEHLYSDHVVHRVDHVNSYVI,0.8425,0.8425,24,2,0.4166666666666667,37.5,0.125
NPYNHCWHVYNEKMSHVSHIEVHCVVIDV,0.8425,0.8425,29,3,0.3793103448275862,27.586206896551722,0.13793103448275862
VSHSWDWWVSVWSPIVVKHM,0.8425,0.8425,20,2,0.6,30.0,0.1
IYWCHVWRSVVMSRVVVH,0.8425,0.8425,18,4,0.5555555555555556,38.88888888888889,0.16666666666666666
VNSEVEWWMVWWRSHVHYWVV,0.8425,0.8425,21,1,0.5714285714285714,28.57142857142857,0.19047619047619047
SLSVRWVWHDIDHPVVWHWVHVVVVIRHVVIW,0.8425,0.8425,32,5,0.65625,46.875,0.09375
NVVEKVWHHIWCLSH,0.8424999999999999,0.8424999999999999,15,3,0.4666666666666667,33.33333333333333,0.2
WYEHTRVWWVSAVVLSGSYWG,0.8424999999999999,0.8424999999999999,21,1,0.5714285714285714,28.57142857142857,0.19047619047619047
EVEWKWYKCDHVWSSEHDSDVWHTHH,0.8424999999999999,0.8424999999999999,26,1,0.2692307692307692,11.538461538461538,0.19230769230769232
IIEWRHECEHRVYVNVDNVHR,0.8424999999999999,0.8424999999999999,21,2,0.3333333333333333,28.57142857142857,0.2857142857142857
YYIPNSSSVWHVYHHYWVVVVHIVWVVRWH,0.8424999999999999,0.8424999999999999,30,6,0.5333333333333333,36.666666666666664,0.03333333333333333
NHSPYSYYHVSVVCAEIVNVVTRVVHVWVS,0.8424999999999999,0.8424999999999999,30,3,0.4666666666666667,40.0,0.1
SSYWVYHHHDRTI,0.8400000000000002,0.8400000000000002,13,3,0.23076923076923078,15.384615384615385,0.07692307692307693
IMSNKCKIWRVVSEVIMEWVSWDEV,0.8400000000000002,0.8400000000000002,25,-1,0.52,32.0,0.32
EEWWVSVVISHVNVVVHRSIVDWRSVVENDVVSR,0.8400000000000001,0.8400000000000001,34,0,0.5,41.17647058823529,0.17647058823529413
PIYMWVVWTHMVMKVYV,0.8400000000000001,0.8400000000000001,17,2,0.7058823529411765,35.294117647058826,0.23529411764705882
WYDSMVWSIVYEHHVMDHVVVVIWVRNHV,0.8400000000000001,0.8400000000000001,29,2,0.5517241379310345,37.93103448275862,0.13793103448275862
WSVSWSVVCHHGVHYHVHVVVHVHHEKQWHHHV,0.8400000000000001,0.8400000000000001,33,11,0.42424242424242425,30.303030303030305,0.09090909090909091
PCWPHVEKVMHWVDVLYWVHVHVWSWHHTHW,0.8400000000000001,0.8400000000000001,31,6,0.5483870967741935,25.806451612903224,0.12903225806451613
NKYHYIVHHEYH,0.8400000000000001,0.8400000000000001,12,4,0.16666666666666666,16.666666666666664,0.16666666666666666
INSCHSGYVTVEYHWYHHWVVVHWVSYKDVIDYT,0.8400000000000001,0.8400000000000001,34,3,0.38235294117647056,26.47058823529412,0.058823529411764705
ESHTWWLCHVVHVDHVWRN,0.8400000000000001,0.8400000000000001,19,3,0.42105263157894735,26.31578947368421,0.15789473684210525
WIEHDKAIVWNWVVVWHHVWWCW,0.8400000000000001,0.8400000000000001,23,2,0.6521739130434783,34.78260869565217,0.13043478260869565
NYYHDRPYWVAIHMHVVVVHIVSNMVNHYH,0.8400000000000001,0.8400000000000001,30,6,0.4666666666666667,33.33333333333333,0.13333333333333333
VHILYYSSIHRRVVVWMKDHV,0.8400000000000001,0.8400000000000001,21,5,0.47619047619047616,38.095238095238095,0.23809523809523808
SWECVWIVRIWWV,0.84,0.84,13,0,0.6923076923076923,38.46153846153847,0.15384615384615385
SWVTSYWHIWVMIDKVHVHVSNHDWR,0.84,0.84,26,4,0.46153846153846156,26.923076923076923,0.11538461538461539
DMKWWWSSPPMVPWNDHSHVHWWIW,0.84,0.84,25,2,0.6,12.0,0.12
WWVWNHCSHHRSMSFWHVCWVVHVDVH,0.84,0.84,27,6,0.48148148148148145,22.22222222222222,0.07407407407407407
YYHWNWKSYVWVSRSWWSSHVEV,0.84,0.84,23,3,0.391304347826087,17.391304347826086,0.13043478260869565
KTHEHNHVVVWCVVRHWV,0.84,0.84,18,5,0.4444444444444444,33.33333333333333,0.16666666666666666
IKKECRWPMCVDHVSIVHYNYHWWSHSMDVDWNW,0.84,0.84,34,3,0.4117647058823529,17.647058823529413,0.17647058823529413
WKIKQSVPHNWMVWVDVHYCE,0.84,0.84,21,2,0.47619047619047616,23.809523809523807,0.23809523809523808
IVSVIHVHVDSSEWWLKYMWV,0.84,0.84,21,1,0.5714285714285714,38.095238095238095,0.19047619047619047
WWVKSVSHWVHVWEHWHVHWVVHHWM,0.84,0.84,26,7,0.5769230769230769,26.923076923076923,0.11538461538461539
IVEKNHSYHHYKWVVWVWEW,0.8375000000000001,0.8375000000000001,20,3,0.45,25.0,0.2
YVVVISVESVVEWLSVSKHYYVDKTVYYSYSYMH,0.8375000000000001,0.8375000000000001,34,1,0.38235294117647056,32.35294117647059,0.17647058823529413
EYEAYHDRYYIVVSVVHH,0.8375000000000001,0.8375000000000001,18,1,0.3333333333333333,33.33333333333333,0.2222222222222222
ESAYSSKVCHEQIWVYVSVIEVRVHMA,0.8375000000000001,0.8375000000000001,27,1,0.4444444444444444,37.03703703703704,0.3333333333333333
CDTHVVPHHCVVDMSSPYISQVWVNVHRMIGN,0.8375000000000001,0.8375000000000001,32,3,0.46875,28.125,0.125
SVHHVHISIVHWVYRWNVCKVS,0.8375000000000001,0.8375000000000001,22,6,0.45454545454545453,36.36363636363637,0.09090909090909091
SHVEHRVSRWESVWVVYIIVI,0.8375000000000001,0.8375000000000001,21,2,0.5238095238095238,42.857142857142854,0.19047619047619047
IHSSHMYNCVVHCYSHVHVMHVDVVVWWKVEVVWVC,0.8375000000000001,0.8375000000000001,36,5,0.5,36.11111111111111,0.1111111111111111
WKVSHKYIYSVEVHVKEWVWIHSVWEEWEMWDHWVE,0.8375000000000001,0.8375000000000001,36,0,0.4722222222222222,25.0,0.2777777777777778
KELAGSVIVW,0.8375000000000001,0.8375000000000001,10,0,0.7,50.0,0.4
KLSNHSVHHMESWVVWWVHVVHVE,0.8375,0.8375,24,4,0.5,33.33333333333333,0.20833333333333334
QESVESKWTWHW,0.8375,0.8375,12,0,0.3333333333333333,8.333333333333332,0.3333333333333333
KHVWSIVWTSEVEKWNWDVN,0.8375,0.8375,20,0,0.45,25.0,0.2
KDHEWSIHVWKIVVSHVVVVDHSHHVDWWV,0.8375,0.8375,30,4,0.5,36.666666666666664,0.1
KIRSWHSSSHVSWVEWWYHVVVVM,0.8375,0.8375,24,4,0.5,29.166666666666668,0.16666666666666666
CHWKVHYSWSH,0.8375,0.8375,11,4,0.2727272727272727,9.090909090909092,0.09090909090909091
VVHWKIKHVSSIVCHSSWTPLVWVHVV,0.8375,0.8375,27,6,0.5555555555555556,40.74074074074074,0.1111111111111111
TPVKPIVMHKVSWHWSIVCSDVVHDVWWDVIVVYV,0.8375,0.8375,35,2,0.6,40.0,0.08571428571428572
KHMIVCWAYVHRYKSHVHIHESTVVVI,0.8375,0.8375,27,7,0.4444444444444444,37.03703703703704,0.2222222222222222
KKPMHVMWVSIEVNHWSVLVDESVSV,0.8375,0.8375,26,1,0.5384615384615384,34.61538461538461,0.2692307692307692
WQWSQYSSCLVHMRHWIVVSVVWV,0.8375,0.8375,24,3,0.5416666666666666,33.33333333333333,0.20833333333333334
SIVISRWSPVWTMHSHVV,0.8375,0.8375,18,3,0.5555555555555556,33.33333333333333,0.1111111111111111
LHIHSIHWNNYCYKIDVHHSDTWM,0.8375,0.8375,24,4,0.3333333333333333,20.833333333333336,0.125
HVSVWKTSHVWIWIVHSHWIVWVDVYRV,0.8375,0.8375,28,5,0.5714285714285714,39.285714285714285,0.07142857142857142
SKNWYHWHIHWWW,0.8374999999999999,0.8374999999999999,13,4,0.46153846153846156,7.6923076923076925,0.07692307692307693
KAWSVWVVHSVCIVW,0.8350000000000001,0.8350000000000001,15,2,0.6666666666666666,46.666666666666664,0.13333333333333333
VVRWVTSYWHWIYVVLSWDYVHVVVSVVV,0.8350000000000001,0.8350000000000001,29,2,0.6206896551724138,48.275862068965516,0.06896551724137931
LVKPWYSVVVYSYWCSNWWIVWVTVVIHH,0.8350000000000001,0.8350000000000001,29,3,0.5862068965517241,37.93103448275862,0.06896551724137931
SPCWRSHWNIDWVVHWWLSWVSVHTWIVHNVNVVH,0.8350000000000001,0.8350000000000001,35,5,0.5428571428571428,31.428571428571427,0.05714285714285714
IVVSHWKWIVYWVVWS,0.8350000000000001,0.8350000000000001,16,2,0.6875,43.75,0.0625
KSIYWVWVVSCVHWVIYVMYTVEHVWNVSVQLWV,0.8350000000000001,0.8350000000000001,34,2,0.5882352941176471,41.17647058823529,0.14705882352941177
WVIWINYVEVWVEINTVVHIVWRWWVVDW,0.8350000000000001,0.8350000000000001,29,-1,0.6896551724137931,44.827586206896555,0.10344827586206896
VSIECVYWSKVH,0.8350000000000001,0.8350000000000001,12,1,0.4166666666666667,33.33333333333333,0.16666666666666666
IVDLHVVIVVWYLKHVWEV,0.8350000000000001,0.8350000000000001,19,1,0.6842105263157895,57.89473684210527,0.21052631578947367
NYSVWRCWSSVHHCVLGEPVWWMVVYVTDDIVHEHV,0.8350000000000001,0.8350000000000001,36,1,0.5,30.555555555555557,0.1388888888888889
IKSESDSVHWVWWCWVSVVVRS,0.8350000000000001,0.8350000000000001,22,1,0.5,31.818181818181817,0.13636363636363635
VWWNYSIWWWHVVHYVWHVHWVHVHVWCIRWVWN,0.8350000000000001,0.8350000000000001,34,7,0.6176470588235294,32.35294117647059,0.029411764705882353
MYWDVWVWVVHVWRHLVWSVVVV,0.8350000000000001,0.8350000000000001,23,2,0.7391304347826086,47.82608695652174,0.13043478260869565
CAKMSYVSWVVHWMTVMTWVHSWHIVVWIHV,0.8350000000000001,0.8350000000000001,31,5,0.6129032258064516,35.483870967741936,0.16129032258064516
YHKPVRIWSHSW,0.8350000000000001,0.8350000000000001,12,4,0.4166666666666667,16.666666666666664,0.16666666666666666
WYIVHSVWMSVWHWHDWWDIRYRSKHWYDHI,0.8350000000000001,0.8350000000000001,31,5,0.45161290322580644,19.35483870967742,0.12903225806451613
WWWVSKMVWYEVCYVVVVTGHWHWYIHW,0.8350000000000001,0.8350000000000001,28,3,0.6071428571428571,28.57142857142857,0.10714285714285714
ISWVCHCDIRHWVYSWYI,0.8350000000000001,0.8350000000000001,18,2,0.4444444444444444,27.77777777777778,0.05555555555555555
CWVMEVIWWSSKYVWVMVLNVVWI,0.8350000000000001,0.8350000000000001,24,0,0.7083333333333334,41.66666666666667,0.20833333333333334
KVVHVWYRWPVYYVMDWVHHHVW,0.8350000000000001,0.8350000000000001,23,5,0.5652173913043478,30.434782608695656,0.13043478260869565
IKVEVYMCWVKVILSVVVVW,0.8350000000000001,0.8350000000000001,20,1,0.7,55.00000000000001,0.25
CVDVIVPSVWIVIRMVWIVHH,0.8350000000000001,0.8350000000000001,21,2,0.7142857142857143,52.38095238095239,0.09523809523809523
KMVWVVTVSIWWMKVEWYSDHSWVDV,0.8350000000000001,0.8350000000000001,26,0,0.5769230769230769,30.76923076923077,0.19230769230769232
DWWVDWHVWWEQVCVVWVHWR,0.8350000000000001,0.8350000000000001,21,0,0.6190476190476191,28.57142857142857,0.14285714285714285
VVYVKIVSWWVHRWYVY,0.8350000000000001,0.8350000000000001,17,3,0.5882352941176471,41.17647058823529,0.11764705882352941
WNPRIVIYVWHCWCWVHVDYV,0.8350000000000001,0.8350000000000001,21,2,0.5714285714285714,33.33333333333333,0.047619047619047616
WWSKPWSHSSWSSYP,0.835,0.835,15,2,0.4,0.0,0.06666666666666667
WPSSESSWIRDIWHVEVCR,0.835,0.835,19,0,0.42105263157894735,21.052631578947366,0.21052631578947367
WYEQRHVISVRTHDRHWYVVWHDW,0.835,0.835,24,4,0.375,20.833333333333336,0.20833333333333334
EIQWIVVVWYVYVLR,0.835,0.835,15,0,0.6666666666666666,53.333333333333336,0.26666666666666666
SSERHYWSYCEVI,0.835,0.835,13,0,0.23076923076923078,15.384615384615385,0.23076923076923078
HETISSHENKIWWSVVWHERWWV,0.835,0.835,23,2,0.43478260869565216,21.73913043478261,0.21739130434782608
SIMCIWHRWINHDHHCVVVHHWFYSVDV,0.835,0.835,28,5,0.4642857142857143,28.57142857142857,0.07142857142857142
KEPWEYHYYSVQSSEHVVEVY,0.835,0.835,21,-1,0.2857142857142857,19.047619047619047,0.2857142857142857
IIVVVYVVVGRHYSVKVVVNVHVWVHHHHVWVH,0.835,0.835,33,9,0.6060606060606061,51.515151515151516,0.06060606060606061
WKWVSLEYYRPHRVE,0.835,0.835,15,2,0.4,20.0,0.4
HTWDHSVLHVHDISHRHSIVVDD,0.835,0.835,23,3,0.34782608695652173,30.434782608695656,0.08695652173913043
WKSVVVHVYWHSIWTVRDIW,0.835,0.835,20,3,0.55,35.0,0.1
KSYSSHYWYEAVWSIVWWDWMIYH,0.8325000000000001,0.8325000000000001,24,1,0.4583333333333333,20.833333333333336,0.16666666666666666
QWVCSSHSSLRWWMHHVDKLVVYVWDWV,0.8325000000000001,0.8325000000000001,28,3,0.5,28.57142857142857,0.21428571428571427
ISEHWKNWEAMDHVWVTVYHWVDHNVVHWVVYDLV,0.8325000000000001,0.8325000000000001,35,1,0.5142857142857142,34.285714285714285,0.17142857142857143
WYEVIIITVEDSHVVRWSRHVWWDVWVRWWH,0.8325000000000001,0.8325000000000001,31,2,0.5483870967741935,32.25806451612903,0.16129032258064516
SWWDVHMSKSHYHVLV,0.8325000000000001,0.8325000000000001,16,3,0.4375,25.0,0.1875
WIDKSHWWEHPSVWDVVHMVHSYWVSINVHWNHH,0.8325000000000001,0.8325000000000001,34,5,0.47058823529411764,23.52941176470588,0.08823529411764706
KHESVPSVWELNVIWWLVKNVYVVWWNVHIWDHV,0.8325000000000001,0.8325000000000001,34,2,0.5882352941176471,38.23529411764706,0.17647058823529413
WWQHEECISIWDVHNMWCVCYVVWRWEYWV,0.8325000000000001,0.8325000000000001,30,-1,0.5,23.333333333333332,0.2
PSIWSMRWTLVV,0.8325000000000001,0.8325000000000001,12,1,0.6666666666666666,33.33333333333333,0.25
SISSWTSWNMHSWVVYVIRHIVVNHW,0.8325000000000001,0.8325000000000001,26,4,0.5,30.76923076923077,0.07692307692307693
ETWNWVDVWESEYHWERHVVCYESRSWRV,0.8325000000000001,0.8325000000000001,29,-1,0.3448275862068966,17.24137931034483,0.27586206896551724
IWEHKHWSRVYHWHHWV,0.8325000000000001,0.8325000000000001,17,6,0.4117647058823529,17.647058823529413,0.17647058823529413
PVVWSVVWNYIIKVHVHSVIHVWWI,0.8325,0.8325,25,4,0.68,48.0,0.04
SVKQVCEWWHSVSVVYHVWNWCWYVHVHR,0.8325,0.8325,29,5,0.4482758620689655,27.586206896551722,0.13793103448275862
TWKSYHEVVVYWVWHTVVWSVSWHWVGVWWVMWV,0.8325,0.8325,34,3,0.6470588235294118,32.35294117647059,0.08823529411764706
ESIHVWWCVVSHREHV,0.8325,0.8325,16,2,0.4375,31.25,0.1875
VISEWWVVVVHLNHCVEEHVKVNVN,0.8325,0.8325,25,1,0.52,44.0,0.2
SKVVEVVSVYSWHWSWEMVVV,0.8325,0.8325,21,0,0.5714285714285714,38.095238095238095,0.19047619047619047
HYQVSWKVVVPVHSWIV,0.8325,0.8325,17,3,0.5882352941176471,41.17647058823529,0.11764705882352941
DNYMWVNHHHHHSHHDWHYHHSSVVRNHVWWV,0.8325,0.8325,32,10,0.3125,15.625,0.0625
DYESSVVVESSLIWMVIVVIEDHVVVHTWHVKEHV,0.8325,0.8325,35,-1,0.5142857142857142,42.857142857142854,0.2
SYEVSVWSISHHVWSVVDYWVHSRVPWIN,0.8325,0.8325,29,2,0.4827586206896552,31.03448275862069,0.06896551724137931
SKVSWCHPVPWMVET,0.8325,0.8325,15,1,0.5333333333333333,20.0,0.2
DHKVWISWVVCSVYYWEDEETSVHVV,0.8325,0.8325,26,-2,0.4230769230769231,30.76923076923077,0.15384615384615385
SWKVEPVVYWVVWVHVVTRWRHWVWVHVWVVVIVVT,0.8325,0.8325,36,5,0.6944444444444444,47.22222222222222,0.1111111111111111
CPHMHNHVDRVYSSICWWLHNRSHHHWVHNK,0.8325,0.8325,31,10,0.3225806451612903,16.129032258064516,0.16129032258064516
VSVVVYVKVEIHHETWMWVVDWVDWDDLVW,0.8325,0.8325,30,-3,0.6,40.0,0.16666666666666666
VASVVMVHVVWVSNIRHVHMVEWDWVIWVVWVH,0.8325,0.8325,33,3,0.696969696969697,48.484848484848484,0.15151515151515152
SYMVSVHWVVWVHHPVVHYGWSMKH,0.8325,0.8325,25,6,0.56,28.000000000000004,0.12
EKSIWHYVDHHHVHW,0.8325,0.8325,15,4,0.3333333333333333,20.0,0.13333333333333333
IVKSCWEVWHVVVHSHYISVWHHNVHDHCVVRVH,0.8325,0.8325,34,8,0.4411764705882353,35.294117647058826,0.08823529411764706
YSKDMVSSYAHHVVVWVRVIYIWSH,0.8325,0.8325,25,4,0.48,36.0,0.16
SKKVWVWSCHMIVYVSPVHVTHWVVRVYVVVLN,0.8325,0.8325,33,6,0.5757575757575758,42.42424242424242,0.15151515151515152
HYDHHSYSKYYW,0.8325,0.8325,12,3,0.08333333333333333,0.0,0.08333333333333333
VWTSSRHWVSHVHTVSVWWWV,0.8324999999999999,0.8324999999999999,21,4,0.5238095238095238,28.57142857142857,0.047619047619047616
KDWCSHVHYPWDPH,0.8300000000000002,0.8300000000000002,14,2,0.35714285714285715,7.142857142857142,0.07142857142857142
SETWWIPHSWVHVESVHDRYVVWVCH,0.8300000000000002,0.8300000000000002,26,2,0.46153846153846156,26.923076923076923,0.11538461538461539
KSWVEWVDHYHH,0.8300000000000002,0.8300000000000002,12,2,0.3333333333333333,16.666666666666664,0.16666666666666666
WSWKSVIHHHPVWDYDVHCKHH,0.8300000000000002,0.8300000000000002,22,6,0.36363636363636365,18.181818181818183,0.09090909090909091
YYSDHVVVCEEYHVWSHSYYVVHWNPWHYHWVTVK,0.8300000000000001,0.8300000000000001,35,4,0.37142857142857144,22.857142857142858,0.08571428571428572
VSSSYIWVKSHSSILIWWHWV,0.8300000000000001,0.8300000000000001,21,3,0.5238095238095238,33.33333333333333,0.09523809523809523
TIVIERVHVVQHIVGHVWMV,0.8300000000000001,0.8300000000000001,20,3,0.65,50.0,0.2
KEKCSYVVHQWH,0.8300000000000001,0.8300000000000001,12,3,0.25,16.666666666666664,0.3333333333333333
HTLIKWHSRSIHDHHPHRFGHW,0.8300000000000001,0.8300000000000001,22,9,0.36363636363636365,13.636363636363635,0.18181818181818182
YHYTERCPVVW,0.8300000000000001,0.8300000000000001,11,1,0.36363636363636365,18.181818181818183,0.18181818181818182
WIKYKHSDIWHWSVIVWVVV,0.8300000000000001,0.8300000000000001,20,3,0.6,40.0,0.1
KKEVVYEYVDWISRIWEVWH,0.83,0.83,20,0,0.45,30.0,0.3
YVRESIVWHHWSEVSSVHWWVV,0.83,0.83,22,2,0.5,31.818181818181817,0.13636363636363635
NSENPDIVVRIHSEHTWHG,0.83,0.83,19,1,0.3684210526315789,21.052631578947366,0.15789473684210525
CSKKHYWVWSSMSEYHTVRWVY,0.83,0.83,22,4,0.3181818181818182,13.636363636363635,0.22727272727272727
KKKSWSWVWSSSDHEHVWVE,0.83,0.83,20,2,0.35,15.0,0.25
CKSYSINVVEWSWYIPVHIYVN,0.83,0.83,22,1,0.45454545454545453,31.818181818181817,0.09090909090909091
VVVVMHSHKHMLHKCWEW,0.83,0.83,18,5,0.5,27.77777777777778,0.3333333333333333
HKWYMHYVVYVHSSYHWHMH,0.83,0.83,20,7,0.35,15.0,0.15
HSVRHWSYVASHLVSVI,0.83,0.83,17,4,0.47058823529411764,41.17647058823529,0.17647058823529413
AVVPVWWIRVVWVVV,0.8275000000000001,0.8275000000000001,15,1,0.9333333333333333,66.66666666666666,0.13333333333333333
NNHKVSNWVWWMVVVHWMHHPVWTIDDVRVWHVTPM,0.8275000000000001,0.8275000000000001,36,5,0.5833333333333334,27.77777777777778,0.1388888888888889
YKIVSSEHDVVCLWWVVRVVCVVVK,0.8275000000000001,0.8275000000000001,25,2,0.56,48.0,0.2
QWVVYKYVVWWYWVHVCVNVYVWNHW,0.8275,0.8275,26,3,0.5769230769230769,34.61538461538461,0.07692307692307693
HWKVSWVDWSVHHDVHWSWSHVTY,0.8275,0.8275,24,4,0.4166666666666667,20.833333333333336,0.041666666666666664
VWEYKNCHIVVWWVSEVVMHW,0.8275,0.8275,21,1,0.5714285714285714,33.33333333333333,0.19047619047619047
KKVYYSMICWHVWVCNWVHVSSVSMWN,0.8275,0.8275,27,4,0.48148148148148145,25.925925925925924,0.14814814814814814
VEKVVYIWWSYDWDWHVDD,0.8275,0.8275,19,-3,0.47368421052631576,26.31578947368421,0.10526315789473684
NSIVWAVHSSHVVIVWVEYDK,0.8275,0.8275,21,1,0.5238095238095238,42.857142857142854,0.14285714285714285
NWWHWSNYWEVSLVVHVEVHDVR,0.8275,0.8275,23,1,0.4782608695652174,30.434782608695656,0.17391304347826086
WEKVYEKVKVWYWSV,0.8275,0.8275,15,1,0.4666666666666667,26.666666666666668,0.3333333333333333
SCWYSVYKVKVYHW,0.8275,0.8275,14,3,0.35714285714285715,21.428571428571427,0.14285714285714285
KSEVTHISPSTWYYYV,0.8275,0.8275,16,1,0.3125,18.75,0.125
KIWSWYVHVSVY,0.8275,0.8275,12,2,0.5,33.33333333333333,0.08333333333333333
WEVWEVVSSVWKWS,0.8275,0.8275,14,-1,0.5714285714285714,28.57142857142857,0.21428571428571427
SSSYSWSVIEIVHHKLHWEVHHMSH,0.8275,0.8275,25,5,0.36,24.0,0.2
WPCVHHWVSVDMWDVHVLNVWWPHVVVHRNV,0.8275,0.8275,31,4,0.6129032258064516,35.483870967741936,0.0967741935483871
NVCCVPCESVYCSWVVVVVVHSVVYEEVVVKVDVV,0.8275,0.8275,35,-2,0.5428571428571428,48.57142857142857,0.11428571428571428
VSIEKVWYNWWPVVHVWVRDMNSVYNE,0.8275,0.8275,27,0,0.5185185185185185,29.629629629629626,0.18518518518518517
KVIWVWNKEVCVMESHWVY,0.8275,0.8275,19,1,0.5263157894736842,31.57894736842105,0.2631578947368421
CSVWEHPMVNCRHPSYDVSYYTVD,0.8275,0.8275,24,0,0.3333333333333333,16.666666666666664,0.125
KSEYIESVYVVYVMVVSVVWIVVVWV,0.8275,0.8275,26,-1,0.6538461538461539,53.84615384615385,0.15384615384615385
QKRWWHSSVHHMIVVVIVYSV,0.8275,0.8275,21,5,0.5238095238095238,38.095238095238095,0.19047619047619047
WVKISWCNVEDWIPEVWHHSHWVHHHWVWWHV,0.8275,0.8275,32,5,0.53125,25.0,0.09375
WWWVVHSMMR,0.8275,0.8275,10,2,0.7,20.0,0.3
CPWVIMWCVVSWVSVDRPSVYSW,0.8275,0.8275,23,0,0.6086956521739131,30.434782608695656,0.08695652173913043
IWIVSVVCVSSVHWIKVC,0.8275,0.8275,18,2,0.6111111111111112,50.0,0.05555555555555555
VVSESSMWKWVVWYWVYDWH,0.8275,0.8275,20,0,0.55,25.0,0.15
WYQKWNSSEVCHEWNWVWVV,0.8275,0.8275,20,0,0.45,20.0,0.2
WWKNYEHVVVSHVVLWVHHVDWSHCHVVHVV,0.8275,0.8275,31,6,0.5161290322580645,38.70967741935484,0.0967741935483871
CSVPSVSHVIVVRWWVIVWVNHSEEVR,0.8275,0.8275,27,2,0.5555555555555556,40.74074074074074,0.14814814814814814
NVSEMKVVVISSWVHHWWVY,0.8275,0.8275,20,2,0.55,35.0,0.15
YWSSETVTSPYWWVKEHDVSSS,0.8275,0.8275,22,-1,0.3181818181818182,13.636363636363635,0.13636363636363635
DWSVHCSYHVVVMYWVSHWVVSVDNVDIHRW,0.8275,0.8275,31,2,0.4838709677419355,32.25806451612903,0.06451612903225806
SQYEWYCVVWVVVVYESRRRSTIP,0.8275,0.8275,24,1,0.4166666666666667,29.166666666666668,0.25
WWVKVKWWSSVDYHMRHSW,0.8275,0.8275,19,4,0.47368421052631576,15.789473684210526,0.21052631578947367
KISISSPESLHVMHVVWVVKAIVQVVVHVVN,0.8275,0.8275,31,4,0.6129032258064516,51.61290322580645,0.22580645161290322
VVSSVVWVVMPWWHVVWVRLHVVRKVVHVMDWW,0.8275,0.8275,33,5,0.7272727272727273,45.45454545454545,0.18181818181818182
IVVVIEVWSEESVSVWWWSNVVVVHWWWSR,0.8275,0.8275,30,-1,0.6333333333333333,40.0,0.13333333333333333
EVSKWLWHWVTSVVWSWEVWVVPVWVTWV,0.8275,0.8275,29,0,0.6896551724137931,37.93103448275862,0.13793103448275862
YHVYWESRWWVVNVHVVVHWSSVV,0.8275,0.8275,24,3,0.5416666666666666,37.5,0.08333333333333333
SSHWVHWSVKWWVVKHWVEWWWWNGWLHESH,0.8275,0.8275,31,5,0.5483870967741935,19.35483870967742,0.16129032258064516
HCWKWVNWWNTHHWHPWH,0.8275,0.8275,18,6,0.4444444444444444,5.555555555555555,0.05555555555555555
SYVDWKYHHWKDHIHTT,0.8275,0.8275,17,4,0.23529411764705882,11.76470588235294,0.11764705882352941
CCDKVTQCVHWEHVVVYSYDP,0.8275,0.8275,21,0,0.3333333333333333,23.809523809523807,0.14285714285714285
SMSVWGHVWVSWYKECDEWM,0.8275,0.8275,20,-1,0.5,15.0,0.25
WSIVVVHSDKWEVWCYWSENVSEHDVYSDVVVDH,0.8275,0.8275,34,-3,0.4117647058823529,29.411764705882355,0.11764705882352941
KSQVNESYWHSMWHVVHHWWWVIRDCYVSVHW,0.8275,0.8275,32,5,0.4375,21.875,0.15625
SSVYSHHWHMVEIEHRWDVVWW,0.8275,0.8275,22,2,0.45454545454545453,22.727272727272727,0.18181818181818182
VVEHVRVVCVRWVVYVWC,0.8275,0.8275,18,2,0.6111111111111112,50.0,0.16666666666666666
VCMWSHEVVVDHWIVVDSHWWYVR,0.8275,0.8275,24,1,0.5416666666666666,33.33333333333333,0.125
VKWSVIWHVVWHVSSVVIDHNVINY,0.8275,0.8275,25,3,0.56,44.0,0.04
NWVSVVIYSKVWSEEVWWH,0.8275,0.8275,19,0,0.5263157894736842,31.57894736842105,0.15789473684210525
NVSVEIWKHPQVWVWVVYKS,0.8275,0.8275,20,2,0.55,35.0,0.2
CVELSYVIENYWWVAYNHHREWHNWWVWDNAWV,0.8275,0.8275,33,0,0.48484848484848486,27.27272727272727,0.21212121212121213
HVKVVSICHVSSLWRVVIHVTNIHESGR,0.8275,0.8275,28,6,0.4642857142857143,39.285714285714285,0.17857142857142858
CISTSWQWVMVVCHYNDYCHVSNHIHVVREDVL,0.8275,0.8275,33,2,0.3939393939393939,30.303030303030305,0.15151515151515152
SVHWCWSVDHCYWESVVSK,0.8275,0.8275,19,1,0.3684210526315789,21.052631578947366,0.10526315789473684
HSWNWSESVHYSSPMER,0.8275,0.8275,17,1,0.29411764705882354,5.88235294117647,0.23529411764705882
CMVWVMYRWVVYHVWGWHNVHVVVVWV,0.8275,0.8275,27,4,0.7037037037037037,40.74074074074074,0.1111111111111111
CHNVYWSWWSIMYVHIVKW,0.8275,0.8275,19,3,0.5263157894736842,26.31578947368421,0.10526315789473684
VSVNWSEHIELEAVRV,0.8275,0.8275,16,-1,0.5,43.75,0.375
KENVSWAIEHISERWVHEVHIWRTVNWC,0.8275,0.8275,28,2,0.42857142857142855,28.57142857142857,0.2857142857142857
SSHVDIWVSMPSHVWYHWIHHSVVWHVVMKS,0.8275,0.8275,31,6,0.5161290322580645,29.03225806451613,0.0967741935483871
EWYRHMHNVHCYV,0.8274999999999999,0.8274999999999999,13,3,0.3076923076923077,15.384615384615385,0.23076923076923078
SVVVWWMIRVSMES,0.8274999999999999,0.8274999999999999,14,0,0.6428571428571429,35.714285714285715,0.2857142857142857
YIKSVSYSVHIWVSWHMH,0.8250000000000002,0.8250000000000002,18,4,0.4444444444444444,27.77777777777778,0.1111111111111111
WSYTSVYWYRSYVWHWHWLVV,0.8250000000000002,0.8250000000000002,21,3,0.47619047619047616,23.809523809523807,0.09523809523809523
KVSWYWYLVIHSSVV,0.8250000000000002,0.8250000000000002,15,2,0.5333333333333333,40.0,0.13333333333333333
KSQVSMVIIYIVVVVIIWHMMVWHKHMHHIWVSY,0.8250000000000002,0.8250000000000002,34,7,0.6176470588235294,41.17647058823529,0.20588235294117646
WSSVIMVYWYKHYKVVWR,0.8250000000000002,0.8250000000000002,18,4,0.5,27.77777777777778,0.2222222222222222
KVSHISMYHHH,0.8250000000000001,0.8250000000000001,11,5,0.2727272727272727,18.181818181818183,0.18181818181818182
KSSWWYIGYVSHQV,0.8250000000000001,0.8250000000000001,14,2,0.42857142857142855,21.428571428571427,0.14285714285714285
WSYEWSWEDSYDSWWWHYVKVWWQVAHDHE,0.8250000000000001,0.8250000000000001,30,-2,0.4,13.333333333333334,0.2
YVSNWWSREWVIYHVVRVVWVDHSWVV,0.8250000000000001,0.8250000000000001,27,2,0.5555555555555556,37.03703703703704,0.1111111111111111
EQVHQKVSQDWWWVSVH,0.8250000000000001,0.8250000000000001,17,1,0.4117647058823529,23.52941176470588,0.29411764705882354
IWSWNVYWVSYDHNHHEVVYHNNHVHSNPWHKHYEH,0.8250000000000001,0.8250000000000001,36,7,0.3055555555555556,16.666666666666664,0.08333333333333333
SHYKNVWHTWMLSWWVIHYSDHWVDDVVHNI,0.8250000000000001,0.8250000000000001,31,3,0.45161290322580644,25.806451612903224,0.0967741935483871
WWYKWSSISVLMVMVYP,0.8250000000000001,0.8250000000000001,17,1,0.6470588235294118,29.411764705882355,0.23529411764705882
TSCWSSSWVNHWMHYCSVHVDYHTVWRWSVVHN,0.8250000000000001,0.8250000000000001,33,5,0.36363636363636365,18.181818181818183,0.06060606060606061
KRRMCVIRVESSSWWVHVVHC,0.8250000000000001,0.8250000000000001,21,5,0.42857142857142855,28.57142857142857,0.2857142857142857
VSPSYISWWWWHVHYWWHHHYHVVRH,0.8250000000000001,0.8250000000000001,26,8,0.46153846153846156,19.230769230769234,0.038461538461538464
ENKVWWIYSTSHMVWNIW,0.8250000000000001,0.8250000000000001,18,1,0.5,22.22222222222222,0.16666666666666666
NWVWSSHEADLWPWSWVSWRGW,0.8250000000000001,0.8250000000000001,22,0,0.5909090909090909,18.181818181818183,0.18181818181818182
KSWVWPVVSEHIVY,0.8250000000000001,0.8250000000000001,14,1,0.5714285714285714,35.714285714285715,0.14285714285714285
YIWHVHWRHWVSNVRH,0.8250000000000001,0.8250000000000001,16,6,0.4375,25.0,0.125
IDTSSWVVHSVHHRHHSWDHSVNMEDCHHVVMMHS,0.825,0.825,35,6,0.34285714285714286,20.0,0.14285714285714285
PDNHSHSLYHVHDHVVVWVVMHWRVCHVP,0.825,0.825,29,6,0.4827586206896552,31.03448275862069,0.10344827586206896
HKKVVSSDLVHWHPVWWVEDVNWSVKHDLWHVDR,0.825,0.825,34,4,0.47058823529411764,29.411764705882355,0.20588235294117646
KWVSHNEEMVVWVRVSVVHNLWHEDVSVVWHVSTV,0.825,0.825,35,2,0.5142857142857142,37.142857142857146,0.2
KPWVNHWSHVVVHEWNMHNWVWSYWSMNHWVE,0.825,0.825,32,4,0.5,18.75,0.15625
VKQHYSVWWIVESSWCDSW,0.825,0.825,19,0,0.42105263157894735,21.052631578947366,0.15789473684210525
SSWVVVVVSHHVVHWVYWRVVVVVHSVHVDTMHCV,0.825,0.825,35,6,0.5714285714285714,45.714285714285715,0.05714285714285714
WDSWVDVEESVVWHHHWHMLHIRDIK,0.825,0.825,26,2,0.46153846153846156,26.923076923076923,0.23076923076923078
NHEKHVWVDHWEIHNWH,0.825,0.825,17,3,0.35294117647058826,17.647058823529413,0.17647058823529413
EVHIVVEVNDDHSMSYDSHKHHSVHY,0.825,0.825,26,2,0.2692307692307692,23.076923076923077,0.15384615384615385
KVTEHHVSVWVYSVVWHHWHVH,0.825,0.825,22,6,0.45454545454545453,31.818181818181817,0.09090909090909091
YVKMEVSWSVHYSW,0.825,0.825,14,1,0.42857142857142855,21.428571428571427,0.21428571428571427
VWKHKDPHHWVSRV,0.8225000000000001,0.8225000000000001,14,5,0.42857142857142855,21.428571428571427,0.21428571428571427
SMHVVESEYEVVSYRHDNDIVVWWWTEHDVVDDWV,0.8225000000000001,0.8225000000000001,35,-5,0.42857142857142855,28.57142857142857,0.17142857142857143
KHVVNWEHPICIVH,0.8225000000000001,0.8225000000000001,14,3,0.5,35.714285714285715,0.14285714285714285
CKEQHHWVWHRNVSIHHNVVVWHVRSWV,0.8225000000000001,0.8225000000000001,28,8,0.42857142857142855,28.57142857142857,0.17857142857142858
WVIKVESRHEYYKVVWS,0.8225,0.8225,17,2,0.4117647058823529,29.411764705882355,0.29411764705882354
CVSPHHVVYSSYHVSSWNWWVRDSWDR,0.8225,0.8225,27,3,0.37037037037037035,18.51851851851852,0.07407407407407407
SHSWYRRWTSIVNIWEIVSIHSHEVVVWM,0.8225,0.8225,29,3,0.4827586206896552,31.03448275862069,0.1724137931034483
SKEPVASVSVEIWVYWRVIVMKMDVVV,0.8225,0.8225,27,0,0.6296296296296297,44.44444444444444,0.2962962962962963
CKNVHKRHHVPYWWSEVYH,0.8225,0.8225,19,6,0.3157894736842105,15.789473684210526,0.21052631578947367
SKYHSVEVSVWYYVHVVY,0.8225,0.8225,18,2,0.3888888888888889,33.33333333333333,0.1111111111111111
THVSTVRAVWYWVHHHWSHWVDNYNNRNM,0.8225,0.8225,29,6,0.3793103448275862,20.689655172413794,0.13793103448275862
KNIIYSAVWHSVNHEESVEWNWIVVVIHV,0.8225,0.8225,29,1,0.5172413793103449,41.37931034482759,0.1724137931034483
EWVYEPVWRDHQHVVVSVYN,0.8225,0.8225,20,0,0.45,30.0,0.2
NSSNESHWWYKGSVQSHYH,0.8225,0.8225,19,3,0.21052631578947367,5.263157894736842,0.15789473684210525
EQVTKVHSMRYWSVVHHTQVWTVMVSTV,0.8225,0.8225,28,4,0.42857142857142855,28.57142857142857,0.25
WNVKKEHNSISEWCSEWVQWVVHHVVW,0.8225,0.8225,27,2,0.4444444444444444,25.925925925925924,0.2222222222222222
PWDSSVPSSSSTWQLYMHVWHLVRVY,0.8225,0.8225,26,2,0.46153846153846156,23.076923076923077,0.19230769230769232
WPESYIVSIHVHVVWDVDHKVWDYVHNVHWVTV,0.8225,0.8225,33,2,0.5151515151515151,36.36363636363637,0.06060606060606061
CVQMSTNSKHNHHHGWSH,0.8225,0.8225,18,6,0.2222222222222222,5.555555555555555,0.16666666666666666
KHWHTSVWIM,0.8225,0.8225,10,3,0.5,20.0,0.2
SVESVVDMYHVIHPHVWINYVVLIWVHVKC,0.8225,0.8225,30,3,0.5666666666666667,43.333333333333336,0.13333333333333333
EDHPHYVVNVVHWYWVDDVRT,0.8225,0.8225,21,0,0.42857142857142855,28.57142857142857,0.09523809523809523
QSSISWHTEMSIRVVS,0.8225,0.8225,16,1,0.375,25.0,0.25
CWSSSSWRSVVSMSMYEVKWWVSMHDMWWHNIDNV,0.8225,0.8225,35,1,0.45714285714285713,17.142857142857142,0.2
SCKSSMMSHHDWYSHHVVHYNHHDHWVHVRS,0.8225,0.8225,31,9,0.25806451612903225,12.903225806451612,0.12903225806451613
YKSVSEHVSWVYVYWEVKDVVS,0.8225,0.8225,22,0,0.4090909090909091,31.818181818181817,0.18181818181818182
CWEENHDSQSVCVEVRVEYVSVGRNEVVVLDVVV,0.8225,0.8225,34,-4,0.4411764705882353,38.23529411764706,0.2647058823529412
NSYKNSIHSMWHQPWESVE,0.8225,0.8225,19,1,0.3157894736842105,10.526315789473683,0.2631578947368421
KPHVMIVIVHNVWSVHYVHNW,0.8225,0.8225,21,5,0.5714285714285714,38.095238095238095,0.09523809523809523
VCSSSSNEEHWYPVVMVMHNVHVVDDWVIQVWVKW,0.8225,0.8225,35,0,0.5142857142857142,31.428571428571427,0.17142857142857143
ADKSWCSVHHQWYHSSVSSVHYH,0.8225,0.8225,23,5,0.2608695652173913,17.391304347826086,0.13043478260869565
ISTRVVSVVVLYHHGSDHDHERS,0.8224999999999999,0.8224999999999999,23,3,0.34782608695652173,30.434782608695656,0.17391304347826086
SVVEYRMVVVLHHH,0.8200000000000001,0.8200000000000001,14,3,0.5,42.857142857142854,0.2857142857142857
IWHVSHDHSYVHSHRWH,0.8200000000000001,0.8200000000000001,17,6,0.29411764705882354,17.647058823529413,0.058823529411764705
WWEYVKVDEWDYHWYTV,0.8200000000000001,0.8200000000000001,17,-2,0.4117647058823529,17.647058823529413,0.17647058823529413
HKECPSWQVS,0.8200000000000001,0.8200000000000001,10,1,0.3,10.0,0.3
HSVRWVVTVYWH,0.8200000000000001,0.8200000000000001,12,3,0.5,33.33333333333333,0.08333333333333333
EWNSSVWVHRVCWSW,0.8200000000000001,0.8200000000000001,15,1,0.4666666666666667,20.0,0.13333333333333333
KVWYVSWEWYMVMVEDVHWWVWHVSWV,0.8200000000000001,0.8200000000000001,27,0,0.6296296296296297,29.629629629629626,0.18518518518518517
VCKVWKVHLSVWH,0.8200000000000001,0.8200000000000001,13,4,0.5384615384615384,38.46153846153847,0.23076923076923078
SMVWSKIVWVTHHM,0.8200000000000001,0.8200000000000001,14,3,0.5714285714285714,28.57142857142857,0.21428571428571427
SIWSCVWVSSESWYVVRSPL,0.8200000000000001,0.8200000000000001,20,0,0.5,30.0,0.15
EVVVWVVHWYDLYTMSWWYDHDVNVVHLNWVSVRVV,0.8200000000000001,0.8200000000000001,36,0,0.5555555555555556,38.88888888888889,0.1388888888888889
CCWETSSSVVCSVHWKDCISI,0.8200000000000001,0.8200000000000001,21,0,0.3333333333333333,23.809523809523807,0.09523809523809523
SVRYWVKPWHYSSCHIIWVWWVDNVW,0.8200000000000001,0.8200000000000001,26,3,0.5384615384615384,26.923076923076923,0.07692307692307693
IIEVVSVYKHHVDNDIWHHHSDHYH,0.82,0.82,25,4,0.32,28.000000000000004,0.08
HAHWHIRSPCGSDWSSDINSWV,0.82,0.82,22,2,0.4090909090909091,18.181818181818183,0.09090909090909091
VSMHVWVRVVWVWWV,0.82,0.82,15,2,0.8,46.666666666666664,0.13333333333333333
WWEVQYRRVQVSVVSVWLNWYSHHD,0.82,0.82,25,2,0.44,28.000000000000004,0.24
ISWDWVVVWHIVVHVTNVDKYDWI,0.82,0.82,24,0,0.5833333333333334,41.66666666666667,0.041666666666666664
INVSRWSWSHHHHDIHNNDVHVHWVVVHWH,0.82,0.82,30,8,0.4,26.666666666666668,0.03333333333333333
WVCKSYVSEHW,0.82,0.82,11,1,0.36363636363636365,18.181818181818183,0.18181818181818182
HIVDCCVSHRSCWNWDWHVHVVISHHEVVSDYHNWV,0.82,0.82,36,4,0.3888888888888889,27.77777777777778,0.05555555555555555
WCVVISSSVKWVWH,0.82,0.82,14,2,0.5714285714285714,35.714285714285715,0.07142857142857142
NWMVEWWVRSKHVIISHVDIIWSHRHQ,0.82,0.82,27,5,0.48148148148148145,29.629629629629626,0.2222222222222222
VSVWVSIKWVYHWVMIVEDRHWWVYC,0.82,0.82,26,2,0.5769230769230769,34.61538461538461,0.15384615384615385
IKAVSLVVCVVHI,0.82,0.82,13,2,0.6923076923076923,69.23076923076923,0.23076923076923078
AKISHWSHHDETCVSVVTVYVSDWHH,0.82,0.82,26,3,0.34615384615384615,26.923076923076923,0.11538461538461539
DSKHVKEHDLHH,0.82,0.82,12,3,0.16666666666666666,16.666666666666664,0.3333333333333333
QVKHMSSWYVNEEHV,0.82,0.82,15,1,0.3333333333333333,20.0,0.3333333333333333
RCWVEESMWVVVDGTYVEVRWLVLNWWVL,0.82,0.82,29,-2,0.6206896551724138,37.93103448275862,0.3103448275862069
TKKHYSPDCSYVIVWW,0.8175000000000001,0.8175000000000001,16,2,0.375,18.75,0.125
YVCWESVVSASVVTSHIRHDVDDVWVVV,0.8175000000000001,0.8175000000000001,28,-1,0.5,42.857142857142854,0.10714285714285714
LVVVVEHSSDCYRII,0.8175000000000001,0.8175000000000001,15,0,0.4666666666666667,46.666666666666664,0.2
DWEESWRSVVYYRSCH,0.8175000000000001,0.8175000000000001,16,0,0.25,12.5,0.25
KWSHSSNWECSYVCVVSHYHMDWV,0.8175000000000001,0.8175000000000001,24,2,0.3333333333333333,16.666666666666664,0.125
YVSKSYCRVHYWGVCWHHVHH,0.8175000000000001,0.8175000000000001,21,7,0.3333333333333333,19.047619047619047,0.09523809523809523
ILKSVISCWSYVKEVV,0.8175000000000001,0.8175000000000001,16,1,0.5,43.75,0.25
WKNTSVEYSVHEMWVIVAVVSCNDHVWNSDWIIWW,0.8175000000000001,0.8175000000000001,35,-1,0.5142857142857142,31.428571428571427,0.14285714285714285
KPSSYVCCYCSSI,0.8175000000000001,0.8175000000000001,13,1,0.23076923076923078,15.384615384615385,0.07692307692307693
PKCYPIHSIMDSVVVVVWRYNSDIY,0.8175000000000001,0.8175000000000001,25,1,0.48,32.0,0.12
SNDSHVYWVYYVWHEVRVHMDNKHVVSHWWWVSWVW,0.8175000000000001,0.8175000000000001,36,4,0.4722222222222222,25.0,0.1111111111111111
YCKHSYSVKWVWYSS,0.8175000000000001,0.8175000000000001,15,3,0.26666666666666666,13.333333333333334,0.13333333333333333
QCSNYVYYGCRVECE,0.8175000000000001,0.8175000000000001,15,-1,0.2,13.333333333333334,0.26666666666666666
SVIVSYKVTYVVEYYYSWVVHNIISW,0.8175000000000001,0.8175000000000001,26,1,0.46153846153846156,38.46153846153847,0.07692307692307693
WCSDSSRIHHVVWYWWHHTTWVIVYNK,0.8175,0.8175,27,5,0.4074074074074074,22.22222222222222,0.07407407407407407
NISIMTSVHKVYHCIYYDHSHSDHH,0.8175,0.8175,25,5,0.24,20.0,0.08
DNCWVHWVSVEIIHNIWHSHHVRVHVDHVSVHW,0.8175,0.8175,33,6,0.45454545454545453,33.33333333333333,0.06060606060606061
SMHKVSWWHDWTSMWSH,0.8175,0.8175,17,3,0.4117647058823529,5.88235294117647,0.17647058823529413
EDWTWYRHGVIHHMTKHVHR,0.8175,0.8175,20,6,0.35,15.0,0.25
SVKSLIVWDSWHYHVW,0.8175,0.8175,16,2,0.5,31.25,0.125
WSTVSKSVDEVIVEHNWWWHIQWYVDVYVL,0.8175,0.8175,30,-1,0.5,33.33333333333333,0.16666666666666666
PWNWWMKVSHSH,0.8175,0.8175,12,3,0.5,8.333333333333332,0.16666666666666666
HIVSNESSHWWVVKISW,0.8175,0.8175,17,2,0.47058823529411764,29.411764705882355,0.11764705882352941
KIDMVVIPYINWVWVISHSVHVWMSVVPHV,0.8175,0.8175,30,3,0.6666666666666666,43.333333333333336,0.1
DRDYCHHSHSEHS,0.8175,0.8175,13,2,0.0,0.0,0.15384615384615385
PWWIEVDIMWKDVYVIMVH,0.8175,0.8175,19,-1,0.6842105263157895,36.84210526315789,0.21052631578947367
TYSYNDSWHWRHHWVWVVVRCV,0.8175,0.8175,22,4,0.4090909090909091,22.727272727272727,0.09090909090909091
KPETHVVSWHVWKWGDIYDVYHVTV,0.8175,0.8175,25,2,0.48,28.000000000000004,0.12
LVSTNSNYHHITMAVHKHSSVHVHWYV,0.8175,0.8175,27,7,0.37037037037037035,29.629629629629626,0.14814814814814814
VSSSWHMWSVVVIWKSEKWNHV,0.8175,0.8175,22,3,0.5,27.27272727272727,0.18181818181818182
VVIDSTMVIWHWMPRWSVHYVVDTVVWVVTKYVVY,0.8175,0.8175,35,2,0.6,40.0,0.11428571428571428
WYWWVWSEYSTSHWNSVSVWHWVDHDDHNNKYV,0.8175,0.8175,33,1,0.36363636363636365,15.151515151515152,0.06060606060606061
KVWSNWIMSSNWYVVPWPH,0.8175,0.8175,19,2,0.5789473684210527,21.052631578947366,0.10526315789473684
SSWHVRDHWRVWPWS,0.8175,0.8175,15,3,0.4666666666666667,13.333333333333334,0.13333333333333333
SQKHVMHHIEH,0.8175,0.8175,11,4,0.2727272727272727,18.181818181818183,0.36363636363636365
KHTCNSVRYWTHWMWCYEVMMD,0.8175,0.8175,22,2,0.36363636363636365,9.090909090909092,0.2727272727272727
WRSSSVHVMWVWSWHKVSNPYVMVVNV,0.8175,0.8175,27,4,0.5555555555555556,29.629629629629626,0.14814814814814814
WTDSIVGYSEWHEVRNVS,0.8175,0.8175,18,-1,0.3888888888888889,22.22222222222222,0.16666666666666666
KWEWSWVHTDLHTVVHWN,0.8175,0.8175,18,2,0.4444444444444444,22.22222222222222,0.16666666666666666
SQKVSSSVHMSWSSCSTVSHCWSVHVDVDWPWD,0.8175,0.8175,33,1,0.36363636363636365,18.181818181818183,0.09090909090909091
KNWVNEVMVIICHEW,0.8175,0.8175,15,0,0.5333333333333333,33.33333333333333,0.26666666666666666
SSHVKSCDESSWWSHWDVVMHHWVRWYNHWWVMSG,0.8175,0.8175,35,4,0.42857142857142855,14.285714285714285,0.14285714285714285
SSDPWSNVIKMHHVHIIHVHW,0.8175,0.8175,21,5,0.47619047619047616,28.57142857142857,0.09523809523809523
LWHKHVSISLWYSVDSCV,0.8175,0.8175,18,2,0.4444444444444444,33.33333333333333,0.16666666666666666
KHTVDHHSHVHWVYWVSWMWY,0.8175,0.8175,21,5,0.42857142857142855,19.047619047619047,0.09523809523809523
KWEIKDDTCVHEVPQWV,0.8175,0.8175,17,-1,0.4117647058823529,23.52941176470588,0.29411764705882354
NSHDHHIHWVHTRY,0.8175,0.8175,14,5,0.21428571428571427,14.285714285714285,0.07142857142857142
WIYWWVHHVHHHSDYVDDRHRWVY,0.8175,0.8175,24,5,0.375,20.833333333333336,0.08333333333333333
KVESMEHSHWIVDDYVHTVMHHVVVVWVVHYHHR,0.8175,0.8175,34,6,0.4411764705882353,32.35294117647059,0.17647058823529413
VSIICVERVVVHHVVHWWVD,0.8175,0.8175,20,2,0.6,50.0,0.1
SKEKPVWHHYHWWVESMNEVEYRHDL,0.8175,0.8175,26,2,0.34615384615384615,15.384615384615385,0.34615384615384615
EVKDVVSWPVHCHHWRHHWHWH,0.8174999999999999,0.8174999999999999,22,7,0.4090909090909091,18.181818181818183,0.13636363636363635
INKSEIHIISDVHEHYVVVVHDIVVDDWV,0.8174999999999999,0.8174999999999999,29,-1,0.4827586206896552,44.827586206896555,0.10344827586206896
YSSDHHIVQHYVSHKHVIVYVNHVDIVVRVDHVVE,0.8174999999999999,0.8174999999999999,35,5,0.4,40.0,0.11428571428571428
SKVVHWVESWVIHWHVS,0.8174999999999999,0.8174999999999999,17,3,0.5294117647058824,35.294117647058826,0.11764705882352941
PWSHWHSWSVWTVVRKVV,0.8174999999999999,0.8174999999999999,18,4,0.5555555555555556,27.77777777777778,0.1111111111111111
TVEVHVYVHHYWMKHVNWWTNNVVNHV,0.8150000000000002,0.8150000000000002,27,5,0.4444444444444444,29.629629629629626,0.1111111111111111
PVSVSVIYHKIVHWG,0.8150000000000002,0.8150000000000002,15,3,0.6,40.0,0.06666666666666667
YKSWHQINWSHMMVCTVNPVIDMIHSVWYVWVHH,0.8150000000000001,0.8150000000000001,34,5,0.5,26.47058823529412,0.14705882352941177
KVWDVSNHIHHESHYEMWSHVD,0.8150000000000001,0.8150000000000001,22,2,0.3181818181818182,18.181818181818183,0.18181818181818182
EESSISWSYYDHVVHRHIVDHVWHHSVVVDVH,0.8150000000000001,0.8150000000000001,32,3,0.375,31.25,0.09375
SIDTIQVSVMYRWHCTEIHW,0.8150000000000001,0.8150000000000001,20,1,0.4,25.0,0.2
VKEHNHWSIKHVHVVIRIWNWWV,0.8150000000000001,0.8150000000000001,23,6,0.5217391304347826,34.78260869565217,0.17391304347826086
SCSNSSPHVDVSHHVHCWDYHVHMWCHRDIVHI,0.8150000000000001,0.8150000000000001,33,6,0.3333333333333333,21.21212121212121,0.06060606060606061
NHSVHNVEYLSPDHHKN,0.8150000000000001,0.8150000000000001,17,3,0.23529411764705882,17.647058823529413,0.17647058823529413
HWKSSSSHHSVAHVYWVHYYVVDHNHY,0.8150000000000001,0.8150000000000001,27,7,0.2962962962962963,22.22222222222222,0.07407407407407407
EISSVVHVSHVSWHRWRWHVWVV,0.8150000000000001,0.8150000000000001,23,5,0.5217391304347826,34.78260869565217,0.13043478260869565
IEVSEKIEWNYNWLSYVYLSVSIHDHYVVSW,0.8150000000000001,0.8150000000000001,31,-1,0.41935483870967744,32.25806451612903,0.1935483870967742
NSSHVPHNSHHVVISRMDWLWV,0.8150000000000001,0.8150000000000001,22,4,0.45454545454545453,27.27272727272727,0.13636363636363635
SSYKASSIHNVVSIESHHWHDRCHSS,0.8150000000000001,0.8150000000000001,26,5,0.23076923076923078,19.230769230769234,0.15384615384615385
DSESVHVAVWSDAHGWSHVVSHVVVWNTEVHRVYWN,0.8150000000000001,0.8150000000000001,36,2,0.4722222222222222,33.33333333333333,0.1388888888888889
WSSEMKHSKVRYY,0.8150000000000001,0.8150000000000001,13,3,0.23076923076923078,7.6923076923076925,0.38461538461538464
KNSVVPEDWEWMVHH,0.8150000000000001,0.8150000000000001,15,0,0.4666666666666667,20.0,0.26666666666666666
PHWTSDVDIKVEWHDVHESWG,0.8150000000000001,0.8150000000000001,21,-1,0.42857142857142855,19.047619047619047,0.14285714285714285
NTIDQIHVHWWKWSHCYKVMS,0.8150000000000001,0.8150000000000001,21,4,0.38095238095238093,19.047619047619047,0.19047619047619047
HRVSKHSHHTCDVWITVWHDHINH,0.8150000000000001,0.8150000000000001,24,7,0.2916666666666667,20.833333333333336,0.08333333333333333
KKSNCVHSHIHLVCEHS,0.8150000000000001,0.8150000000000001,17,5,0.23529411764705882,23.52941176470588,0.23529411764705882
KVYSEETDHGHHDVHWEC,0.8150000000000001,0.8150000000000001,18,0,0.2222222222222222,11.11111111111111,0.2222222222222222
SHHTSTSYSSYYQEVMLVWWVRNYHHMWRW,0.8150000000000001,0.8150000000000001,30,5,0.3333333333333333,13.333333333333334,0.23333333333333334
NWVSHEYESWSDHHHR,0.8150000000000001,0.8150000000000001,16,2,0.1875,6.25,0.1875
QPKVNVEWDDESPEPWEVVSWHLVYVEWSISH,0.8150000000000001,0.8150000000000001,32,-4,0.46875,25.0,0.25
HSWVSVHKDSVWWYHHHWCHVWWVV,0.8150000000000001,0.8150000000000001,25,6,0.48,24.0,0.04
NKSVVDHVNSHWIWNMSVHEPWVHH,0.8150000000000001,0.8150000000000001,25,4,0.44,24.0,0.12
PINVKHWSEHSWNDEVHHTV,0.8150000000000001,0.8150000000000001,20,2,0.35,20.0,0.15
KKHVIDVDLHWHIHYHYTDWVREVSVVDS,0.8150000000000001,0.8150000000000001,29,3,0.3793103448275862,31.03448275862069,0.1724137931034483
VESEWSVHYYYWNR,0.815,0.815,14,0,0.2857142857142857,14.285714285714285,0.21428571428571427
SKHDHWNVKYMWYMVHV,0.815,0.815,17,4,0.4117647058823529,17.647058823529413,0.23529411764705882
VIVKSVEWYSHYYS,0.815,0.815,14,1,0.35714285714285715,28.57142857142857,0.14285714285714285
SYSIYVRYSSHYSHTVVVHRHDWHDH,0.815,0.815,26,6,0.23076923076923078,19.230769230769234,0.07692307692307693
HDYESKWSWYWYTVSIDVVI,0.815,0.815,20,-1,0.4,25.0,0.1
SIVSESHIYSKWYHSNVWVIH,0.815,0.815,21,3,0.38095238095238093,28.57142857142857,0.09523809523809523
VNVKYSEYMYEEL,0.815,0.815,13,-2,0.3076923076923077,23.076923076923077,0.46153846153846156
DSCWNWMVHVHSWVSHHIDVHDIVHRVSWMV,0.8125000000000001,0.8125000000000001,31,4,0.4838709677419355,29.03225806451613,0.0967741935483871
KSSVHSKCWVIMVVVWWVTVWSEDTSVVVLHHCV,0.8125000000000001,0.8125000000000001,34,3,0.5294117647058824,38.23529411764706,0.14705882352941177
WIDVYHVVVVSYWVIKVREHHWVHVVVVVYRQVHNS,0.8125000000000001,0.8125000000000001,36,6,0.5277777777777778,44.44444444444444,0.1388888888888889
WCPSVSWICKVHSSVLDVVVWV,0.8125000000000001,0.8125000000000001,22,1,0.5909090909090909,40.909090909090914,0.09090909090909091
SCCVTKSMWVYHVSVVMW,0.8125000000000001,0.8125000000000001,18,2,0.5,27.77777777777778,0.16666666666666666
KVKVWVVVYSWKWWVVHWVHYMVDWVVEHCHSIVH,0.8125000000000001,0.8125000000000001,35,6,0.5714285714285714,37.142857142857146,0.14285714285714285
VWSWVRWVVHVVSWMS,0.8125000000000001,0.8125000000000001,16,2,0.6875,37.5,0.125
ARHVSHWVVNVIVIIV,0.8125000000000001,0.8125000000000001,16,3,0.6875,62.5,0.125
SKVVVVYVVESWWWY,0.8125000000000001,0.8125000000000001,15,0,0.6,40.0,0.13333333333333333
ISMYIVKCWPCVVVMWSWDYVKVWWDDNVD,0.8125000000000001,0.8125000000000001,30,-2,0.5666666666666667,30.0,0.13333333333333333
VDDHYRIDECHHWWNHWH,0.8125000000000001,0.8125000000000001,18,2,0.2777777777777778,11.11111111111111,0.1111111111111111
HVVNHWGVSVYYSRTRWWNWWYVWVLWGVH,0.8125000000000001,0.8125000000000001,30,5,0.5666666666666667,26.666666666666668,0.1
CSSVVSWVVVWVIEYKHSHMMSWHNVHSVV,0.8125000000000001,0.8125000000000001,30,4,0.5,33.33333333333333,0.13333333333333333
QSKIVVDVYVVHIVWWEVVH,0.8125000000000001,0.8125000000000001,20,1,0.6,50.0,0.15
WWSVWHSSVVKSVCVQ,0.8125000000000001,0.8125000000000001,16,2,0.5,31.25,0.125
KSGVDWVVAEWSVVSWYVWSH,0.8125000000000001,0.8125000000000001,21,0,0.5714285714285714,33.33333333333333,0.14285714285714285
CSHSRVEWDHVVLILDWLVHVVDVH,0.8125000000000001,0.8125000000000001,25,1,0.52,44.0,0.2
PWSNDVIWVWHHSVWDCNREHS,0.8125000000000001,0.8125000000000001,22,1,0.4090909090909091,18.181818181818183,0.09090909090909091
WVVIEWSYRVSWMVITVHSVVVNKMGVEVV,0.8125000000000001,0.8125000000000001,30,1,0.6333333333333333,43.333333333333336,0.2
KPWVWVVHNWVVTVIWVWD,0.8125000000000001,0.8125000000000001,19,1,0.7368421052631579,42.10526315789473,0.05263157894736842
KSSWSSWSVWIIVVVYHVSDHEH,0.8125000000000001,0.8125000000000001,23,2,0.43478260869565216,30.434782608695656,0.08695652173913043
IEWKVISCIWVVVVRDHVT,0.8125000000000001,0.8125000000000001,19,1,0.5789473684210527,47.368421052631575,0.15789473684210525
HVYVEKNIVYVCMSWVWVKDVWEDYHHVVHHVVWMW,0.8125,0.8125,36,3,0.5277777777777778,33.33333333333333,0.16666666666666666
YSCDIIIKSHP,0.8125,0.8125,11,1,0.36363636363636365,27.27272727272727,0.09090909090909091
CVMVVLHNSIDVHSHCWVHDHWWHRVYWTVVNMVHH,0.8125,0.8125,36,7,0.4722222222222222,30.555555555555557,0.1111111111111111
HIISTSVHPRYVYPVPWLHWHRYVSGVIRV,0.8125,0.8125,30,7,0.5333333333333333,33.33333333333333,0.13333333333333333
CHKVDNCYVYVVHHVWISVDVW,0.8125,0.8125,22,2,0.45454545454545453,36.36363636363637,0.045454545454545456
PQAEKNGEERSV,0.8125,0.8125,12,-1,0.3333333333333333,16.666666666666664,0.5833333333333334
IWNSVVSFVWEWVEVKYVH,0.8125,0.8125,19,0,0.5789473684210527,36.84210526315789,0.15789473684210525
NLWHTVHSVWVYHVVKCVYVVHYHHVDVYV,0.8125,0.8125,30,6,0.4666666666666667,40.0,0.06666666666666667
CSWMCERVWYDH,0.8125,0.8125,12,0,0.3333333333333333,8.333333333333332,0.25
SSEVYYWSVKVWVVSMHDHVMV,0.8125,0.8125,22,1,0.5,31.818181818181817,0.18181818181818182
EYVNEVSQHVIRYWVHEHTQVCVHVDVY,0.8125,0.8125,28,1,0.35714285714285715,32.142857142857146,0.21428571428571427
WYHSHSSVYHRHHVYNKVVRYHSMVVVHHV,0.8125,0.8125,30,11,0.3333333333333333,26.666666666666668,0.13333333333333333
CVSWWHVYWSWHSNLMCYVDPVHLRWV,0.8125,0.8125,27,3,0.5185185185185185,25.925925925925924,0.14814814814814814
YWVWWTCVVNHHYVSVVWEDIKHHWHDWWVWSW,0.8125,0.8125,33,3,0.5151515151515151,24.242424242424242,0.06060606060606061
WKSSVMVWIHVHVWYD,0.8125,0.8125,16,2,0.5625,31.25,0.125
TVKVSSSHQIVPCWVV,0.8125,0.8125,16,2,0.5,37.5,0.125
QHSHVYWVHR,0.8125,0.8125,10,4,0.3,20.0,0.2
SMVKWVLCSVVSHWSSVHVHVSVT,0.8125,0.8125,24,4,0.5,37.5,0.125
SWKHWNVHCG,0.8125,0.8125,10,3,0.4,10.0,0.1
PKYWVSHLHMVVHSVSSVY,0.8125,0.8125,19,4,0.47368421052631576,31.57894736842105,0.15789473684210525
LNSKEVVMMHVCKVWHV,0.8125,0.8125,17,3,0.5294117647058824,35.294117647058826,0.35294117647058826
SSNCIEVHVVIVSWYWKVHDW,0.8125,0.8125,21,1,0.47619047619047616,33.33333333333333,0.09523809523809523
VWVSWKISSWWV,0.8125,0.8125,12,1,0.6666666666666666,33.33333333333333,0.08333333333333333
DWKCYGHHVYVEVTVSVVDDVVVV,0.8125,0.8125,24,-1,0.5,41.66666666666667,0.08333333333333333
YSVHWWRWVSS,0.8125,0.8125,11,2,0.45454545454545453,18.181818181818183,0.09090909090909091
EQEVIVWDWSVVSVHVWRVMVVWVRRVHHVVL,0.8125,0.8125,32,3,0.625,46.875,0.25
NSKVSWEYVHKWWYWV,0.8125,0.8125,16,2,0.4375,18.75,0.1875
HCVWVVSHYKVCWSWWKD,0.8125,0.8125,18,3,0.4444444444444444,22.22222222222222,0.1111111111111111
DVNWSVHCPIHVEVVWVHNRHL,0.8125,0.8125,22,3,0.5,36.36363636363637,0.13636363636363635
NWEWSYWMSVSVHVVVDDKHNVH,0.8124999999999999,0.8124999999999999,23,1,0.43478260869565216,26.08695652173913,0.13043478260869565
WVSWKWSWHDWSH,0.8124999999999999,0.8124999999999999,13,2,0.46153846153846156,7.6923076923076925,0.07692307692307693
CKVQSGVHSVHWDWHWVWYVPLDTDNNEWV,0.8124999999999999,0.8124999999999999,30,0,0.4666666666666667,23.333333333333332,0.13333333333333333
VTVSSVSENPIWVLIWYKVHSVDWY,0.8100000000000002,0.8100000000000002,25,0,0.52,36.0,0.12
SHDITWSKVHWYHS,0.8100000000000002,0.8100000000000002,14,3,0.2857142857142857,14.285714285714285,0.07142857142857142
NNYVKVEHSHEWWW,0.8100000000000002,0.8100000000000002,14,1,0.35714285714285715,14.285714285714285,0.21428571428571427
HVSSYHCSSIHNVDVNHHNMSVYPVEHVR,0.8100000000000002,0.8100000000000002,29,5,0.3103448275862069,24.137931034482758,0.10344827586206896
YDVRNWYEHHHS,0.8100000000000002,0.8100000000000002,12,2,0.16666666666666666,8.333333333333332,0.16666666666666666
WSVNVSKLEWHHVIVVWV,0.8100000000000002,0.8100000000000002,18,2,0.6111111111111112,44.44444444444444,0.16666666666666666
NWCSSHNVCHHHWER,0.8100000000000002,0.8100000000000002,15,4,0.2,6.666666666666667,0.13333333333333333
LKVSHSTIVWVHLV,0.8100000000000002,0.8100000000000002,14,3,0.5714285714285714,50.0,0.21428571428571427
SESIIDTWSVCMWEVSVVVVINISVVHWKEHD,0.8100000000000002,0.8100000000000002,32,-2,0.5,37.5,0.15625
VSLSHTWEVWRGIVIVYRDVWHSSEWHHHWV,0.8100000000000002,0.8100000000000002,31,4,0.4838709677419355,29.03225806451613,0.16129032258064516
YHVCNKWWWVISYVVYNSHEEMWCTDWWLVDW,0.81,0.81,32,-1,0.46875,21.875,0.15625
YEQNWCSYVCNNYYVYHEYVVVVHR,0.81,0.81,25,1,0.28,24.0,0.16
SHVYYWIKVIVYWNHWW,0.81,0.81,17,3,0.5294117647058824,29.411764705882355,0.058823529411764705
VISNKYDWCISYVWSYIYHWPVHHEWIH,0.81,0.81,28,3,0.42857142857142855,25.0,0.07142857142857142
WKVDYEVHWHY,0.81,0.81,11,1,0.36363636363636365,18.181818181818183,0.18181818181818182
YKVCIKVTHTSYWV,0.81,0.81,14,3,0.35714285714285715,28.57142857142857,0.14285714285714285
KVYYHYCYHVWIDVS,0.81,0.81,15,2,0.3333333333333333,26.666666666666668,0.06666666666666667
HTYYSVEGHRVWNNHNVVDHVYVVDH,0.81,0.81,26,3,0.34615384615384615,26.923076923076923,0.07692307692307693
ISPYVIVIHKSVV,0.81,0.81,13,2,0.6153846153846154,53.84615384615385,0.07692307692307693
YHRVCVSGTHVNVYCV,0.81,0.81,16,3,0.375,31.25,0.0625
HCYEHVVVPVWVDVVVHHKCHVWWVNWWV,0.8099999999999999,0.8099999999999999,29,4,0.5862068965517241,37.93103448275862,0.06896551724137931
NCEVEVHWHVKINSHVVWTSVWWVWLVHDVRVVVD,0.8099999999999999,0.8099999999999999,35,2,0.5428571428571428,40.0,0.14285714285714285
VHIWEYVHYVDSVVKVVEVVEQVLVIWHV,0.8099999999999999,0.8099999999999999,29,0,0.5862068965517241,51.724137931034484,0.20689655172413793
CVVDSISHVWVREVHMVE,0.8099999999999999,0.8099999999999999,18,0,0.5,38.88888888888889,0.2222222222222222
CHSSSSVHVKVSVWHVM,0.8099999999999999,0.8099999999999999,17,4,0.4117647058823529,29.411764705882355,0.11764705882352941
WSKSSDSVEWVPYVVWHEVVWWDV,0.8099999999999999,0.8099999999999999,24,-2,0.5416666666666666,29.166666666666668,0.125
DSPVHVMDHVVSHWWKCPVS,0.8099999999999999,0.8099999999999999,20,2,0.5,25.0,0.1
KKVKVWHYVVEVHVKVHV,0.8099999999999999,0.8099999999999999,18,6,0.5,44.44444444444444,0.2777777777777778
KWWVGHYISKNVHT,0.8099999999999999,0.8099999999999999,14,4,0.42857142857142855,21.428571428571427,0.14285714285714285
HVEMSVSPVSCVDVHVVMSVNSKDSSIWASWHWW,0.8099999999999999,0.8099999999999999,34,1,0.5,29.411764705882355,0.14705882352941177
WHNRCVHVSVWSVWHVHVWVVLVYIWWDVMD,0.8099999999999999,0.8099999999999999,31,3,0.6129032258064516,38.70967741935484,0.0967741935483871
DVEVIVVVWVVVVEVVHVHSVVRW,0.8099999999999999,0.8099999999999999,24,0,0.7083333333333334,62.5,0.125
DVKWVHVSVVWWHEDTWVHVHRYHVVWVWWS,0.8099999999999999,0.8099999999999999,31,4,0.5483870967741935,32.25806451612903,0.0967741935483871
CHDTWRPVFVHHVVWVWHDMCDVVWW,0.8099999999999999,0.8099999999999999,26,2,0.5769230769230769,26.923076923076923,0.07692307692307693
PKPSVHSKVVEVVTVVVHWS,0.8099999999999999,0.8099999999999999,20,3,0.55,40.0,0.15
KSWVHWVHVVHHWVNWVIVH,0.8099999999999999,0.8099999999999999,20,6,0.6,40.0,0.05
NKEYVVIHVVVHEVWRWCV,0.8099999999999999,0.8099999999999999,19,2,0.5263157894736842,42.10526315789473,0.21052631578947367
SMVNVVVWVWVSHVIEHHVVWVVKEVWSVNVV,0.8099999999999999,0.8099999999999999,32,2,0.65625,50.0,0.125
VSVVHHPWVRSHNSWHSVVWWNEVHVV,0.8099999999999999,0.8099999999999999,27,5,0.5185185185185185,33.33333333333333,0.07407407407407407
CANHSVKHWVYSQWVPYWHNNRV,0.8099999999999999,0.8099999999999999,23,5,0.391304347826087,21.73913043478261,0.17391304347826086
WVHIHDSKVSISKSIYVHV,0.8099999999999999,0.8099999999999999,19,4,0.42105263157894735,36.84210526315789,0.10526315789473684
WHHCVSVMVVHDHRHVTDCVWVH,0.8099999999999999,0.8099999999999999,23,5,0.43478260869565216,30.434782608695656,0.08695652173913043
CVKVVSVVSHHVWLVESVVVNMVHD,0.8099999999999999,0.8099999999999999,25,2,0.56,48.0,0.16
PWSVEHLHWSVVVVKVHIVW,0.8099999999999999,0.8099999999999999,20,3,0.65,45.0,0.15
TWNKLSCVHSIVHEVHVSHHTHDVTVVWVVVIWDH,0.8099999999999999,0.8099999999999999,35,5,0.45714285714285713,37.142857142857146,0.08571428571428572
RNDQSPIEACHMV,0.8099999999999999,0.8099999999999999,13,0,0.38461538461538464,23.076923076923077,0.38461538461538464
MSPSVVSHRVVHHVHVVYV,0.8099999999999999,0.8099999999999999,19,5,0.5263157894736842,42.10526315789473,0.10526315789473684
SVSVEVWVVSVGVHEHWSMHHKWIYLVVWVVLV,0.8099999999999999,0.8099999999999999,33,3,0.6363636363636364,45.45454545454545,0.18181818181818182
NISHHYWIIVKWTVVVSHYNHHVVEKVNVEY,0.8099999999999999,0.8099999999999999,31,5,0.41935483870967744,35.483870967741936,0.12903225806451613
SHKVSVHDVVWIHHHVVVPWNV,0.8099999999999999,0.8099999999999999,22,5,0.5454545454545454,40.909090909090914,0.045454545454545456
APVHECHVDHTHYVNDVVHRDHHD,0.8099999999999999,0.8099999999999999,24,3,0.2916666666666667,25.0,0.125
SPVRSWVPSTMWISVVVVVHWVNMVNVHRDTV,0.8099999999999999,0.8099999999999999,32,3,0.59375,37.5,0.125
SNKVWWEVESYVVWVHVVHCVDIV,0.8099999999999999,0.8099999999999999,24,0,0.5416666666666666,41.66666666666667,0.125
VSVVWSWMHVVVERHVHVN,0.8099999999999999,0.8099999999999999,19,3,0.5789473684210527,42.10526315789473,0.15789473684210525
KIVVHKVIVTHDVRHWWKVVHHWCPYH,0.8099999999999999,0.8099999999999999,27,9,0.48148148148148145,33.33333333333333,0.14814814814814814
NDVVVEKSSVVHSWVCHVHSHVMEVVVMWVHKEHVV,0.8099999999999999,0.8099999999999999,36,4,0.5,38.88888888888889,0.19444444444444445
EWVESSVNVVKHVVHYSHVHVCVHWYSPHLHNVD,0.8099999999999999,0.8099999999999999,34,5,0.4117647058823529,32.35294117647059,0.11764705882352941
SPVPNQWVMPVWKVESVVVKSIPNRRVI,0.8099999999999999,0.8099999999999999,28,3,0.6071428571428571,35.714285714285715,0.25
KSIMVNRHWIHVY,0.8099999999999999,0.8099999999999999,13,4,0.46153846153846156,30.76923076923077,0.23076923076923078
SRVESVESHWCVVVVVTVVHVNDVM,0.8099999999999999,0.8099999999999999,25,0,0.52,44.0,0.16
VPVSVCVDSPHHWRVWDWWVLHVSYWWDVYLDVHW,0.8099999999999999,0.8099999999999999,35,1,0.5714285714285714,31.428571428571427,0.08571428571428572
NLKRHHVVRVYLHHVPHL,0.8099999999999999,0.8099999999999999,18,8,0.4444444444444444,38.88888888888889,0.3333333333333333
VKWHEVNHVVVSSPLVHLHS,0.8099999999999999,0.8099999999999999,20,4,0.5,40.0,0.2
WWVVVEESHVWIVVHVDHHHEKVWHDVIH,0.8099999999999999,0.8099999999999999,29,3,0.5172413793103449,37.93103448275862,0.13793103448275862
KHVVHVSSWHYVVVEVVDWVVWVNHHHVSMVMHW,0.8099999999999999,0.8099999999999999,34,6,0.5588235294117647,38.23529411764706,0.11764705882352941
PKNVSVHHVWCHSW,0.8099999999999999,0.8099999999999999,14,4,0.42857142857142855,21.428571428571427,0.07142857142857142
KSVDVIHAHWVHVVSEV,0.8099999999999999,0.8099999999999999,17,2,0.5294117647058824,47.05882352941176,0.17647058823529413
EWSVKSWVVSVVHHYVSWVHVWLVDHVW,0.8099999999999999,0.8099999999999999,28,3,0.5714285714285714,39.285714285714285,0.10714285714285714
KHRVVKVVHVKLPVWWSVV,0.8099999999999999,0.8099999999999999,19,6,0.631578947368421,47.368421052631575,0.2631578947368421
PCNEWERDVVSVIIE,0.8099999999999999,0.8099999999999999,15,-3,0.4666666666666667,33.33333333333333,0.26666666666666666
VKDHYCVPKWVHVVRE,0.8099999999999999,0.8099999999999999,16,3,0.4375,31.25,0.25
AVWESHHHWVVHVVDVIRYWWHVVCVKVVCWV,0.8099999999999999,0.8099999999999999,32,5,0.59375,43.75,0.125
IIVSSWVKYKVSVRVVHWHVHSVV,0.8099999999999999,0.8099999999999999,24,6,0.5416666666666666,45.83333333333333,0.125
YEEWNVSEPVVVRVWVHVVS,0.8099999999999999,0.8099999999999999,20,-1,0.55,40.0,0.2
SSWLSKWNHCHVWWVVVHILV,0.8099999999999999,0.8099999999999999,21,4,0.5714285714285714,38.095238095238095,0.14285714285714285
VCSHVSWESPSWVVHRVCV,0.8099999999999999,0.8099999999999999,19,2,0.47368421052631576,31.57894736842105,0.10526315789473684
YIHSIRSVIV,0.8099999999999999,0.8099999999999999,10,2,0.5,50.0,0.1
CVEWHVSKSVHSVVVYHVVVWHSVHM,0.8099999999999999,0.8099999999999999,26,5,0.5,38.46153846153847,0.11538461538461539
SWVKVVSHNEVVVSHEVTWVDLVHVHVVVK,0.8099999999999999,0.8099999999999999,30,3,0.5333333333333333,46.666666666666664,0.16666666666666666
KVHIVVVVVVHVVVVVSRHHEIDSVPR,0.8099999999999999,0.8099999999999999,27,5,0.5925925925925926,55.55555555555556,0.14814814814814814
DEHVKSSSHVSVSVWVVVEWTV,0.8099999999999999,0.8099999999999999,22,0,0.45454545454545453,36.36363636363637,0.13636363636363635
KSVWHHIDYSVHVVKIWVHSWVVWHWW,0.8099999999999999,0.8099999999999999,27,6,0.5555555555555556,33.33333333333333,0.07407407407407407
SVVGVRHVHWHDHWHDVVV,0.8099999999999999,0.8099999999999999,19,4,0.5263157894736842,36.84210526315789,0.05263157894736842
NVEYWMWDHWHVK,0.8099999999999999,0.8099999999999999,13,1,0.46153846153846156,15.384615384615385,0.23076923076923078
VKVPHVWPSVVSTSVYWQDLHHEWLHSWSDHHKDV,0.8099999999999999,0.8099999999999999,35,4,0.42857142857142855,25.71428571428571,0.17142857142857143
CSEKVVSVVKTKHVWVESVWVDVWVHTDHANV,0.8099999999999999,0.8099999999999999,32,2,0.46875,37.5,0.1875
YWEHVQIWVHVHVHHPIRVDHNYD,0.8099999999999999,0.8099999999999999,24,4,0.4166666666666667,29.166666666666668,0.125
KVHNVVPVVSVCYHLVCHSNHGVHVVWV,0.8099999999999999,0.8099999999999999,28,6,0.5357142857142857,42.857142857142854,0.07142857142857142
SVVHSDSVVVVVLWVHHWYHVHYSWWPSRVVH,0.8099999999999999,0.8099999999999999,32,6,0.53125,37.5,0.0625
PAKCEPERENNNNCVYYQHNVCVVVEN,0.8075000000000001,0.8075000000000001,27,-1,0.2962962962962963,22.22222222222222,0.2962962962962963
KDSDWHMYHHHSDIVWHHMVHNH,0.8075000000000001,0.8075000000000001,23,6,0.30434782608695654,13.043478260869565,0.13043478260869565
WKVWSSCKSEMHVVHHVTVVWMVHDVW,0.8075,0.8075,27,4,0.5185185185185185,29.629629629629626,0.18518518518518517
SSPSHKVSVHWV,0.8075,0.8075,12,3,0.4166666666666667,25.0,0.08333333333333333
SKSVSHSELICSKDYESVWSWSVV,0.8075,0.8075,24,0,0.3333333333333333,25.0,0.20833333333333334
WPSHNYSSHVVHHSHTVNWVVVLHWWHVKV,0.8075,0.8075,30,8,0.4666666666666667,30.0,0.06666666666666667
SSYKSSSVSMHDPNHEYCWV,0.8075,0.8075,20,1,0.25,10.0,0.15
NYVHEKNHPICHSHHDVHHH,0.8075,0.8075,20,7,0.2,15.0,0.1
KVHDVEEWSISHVVH,0.8075,0.8075,15,1,0.4,33.33333333333333,0.2
SSKTSQVSSRSHIIWVSMDVQHHHVMWMEIM,0.8075,0.8075,31,4,0.41935483870967744,22.58064516129032,0.2903225806451613
WWKVKSKMYMHYTHHHVIVVHHLSV,0.8075,0.8075,25,9,0.44,28.000000000000004,0.24
DKVWHHSETYSNEWY,0.8075,0.8075,15,0,0.2,6.666666666666667,0.2
QSWTSVHVHWVHKSLHCCWSVYWWHVMS,0.8075,0.8075,28,6,0.42857142857142855,21.428571428571427,0.14285714285714285
HVKVWHWSYHS,0.8075,0.8075,11,4,0.36363636363636365,18.181818181818183,0.09090909090909091
VVSDWSWYSIKELSVHH,0.8075,0.8075,17,1,0.4117647058823529,29.411764705882355,0.17647058823529413
SNDSVRVYSPMEDHSSEWMVWPWN,0.8075,0.8075,24,-2,0.4166666666666667,12.5,0.20833333333333334
SSIHEREWSVVVS,0.8075,0.8075,13,0,0.38461538461538464,30.76923076923077,0.23076923076923078
WKGSDCVHHHSRVYHNPVCVWVYHHTVV,0.8075,0.8075,28,7,0.39285714285714285,25.0,0.07142857142857142
KSEIYSPHDVHS,0.8075,0.8075,12,1,0.25,16.666666666666664,0.16666666666666666
KPWIYSVVYH,0.8075,0.8075,10,2,0.5,30.0,0.1
YEEPRYVSRYVGYYNVVSVGDVNVMNVNVQPV,0.8075,0.8075,32,-1,0.46875,31.25,0.1875
SNSYSHVNWYIMMHHRR,0.8075,0.8075,17,5,0.29411764705882354,11.76470588235294,0.23529411764705882
HSSHNSTKVHHYHVHT,0.8075,0.8075,16,7,0.125,12.5,0.0625
PAYPDRQVHYNWYTSMHSHSHHVMHV,0.8075,0.8075,26,6,0.34615384615384615,15.384615384615385,0.19230769230769232
NPIDSSSYKIWYVVMHSVHWHI,0.8075,0.8075,22,3,0.45454545454545453,27.27272727272727,0.09090909090909091
SENDKEWVVVEVHDVIEMVHI,0.8075,0.8075,21,-3,0.47619047619047616,38.095238095238095,0.2857142857142857
KVSSIIWWTHSE,0.8075,0.8075,12,1,0.4166666666666667,25.0,0.16666666666666666
NKCYHHSMSSIWVM,0.8075,0.8075,14,3,0.35714285714285715,14.285714285714285,0.21428571428571427
HIAPVPVVHRSWTVWVDSYWSDYH,0.8075,0.8075,24,2,0.5,29.166666666666668,0.08333333333333333
EWWSHHDYHKVHVYRDWLVYVHV,0.8075,0.8075,23,4,0.391304347826087,26.08695652173913,0.17391304347826086
VSSHSMSSNIWWHSLSHVNNVMEHWVVKVVNWP,0.8075,0.8075,33,4,0.48484848484848486,27.27272727272727,0.15151515151515152
DWEPHMSVHHVLRH,0.8075,0.8075,14,3,0.42857142857142855,21.428571428571427,0.2857142857142857
YVKHSSWYEHYTYDVSIKVVSHVH,0.8075,0.8075,24,4,0.2916666666666667,25.0,0.125
NPKWDVHHRRHHVC,0.8075,0.8075,14,6,0.2857142857142857,14.285714285714285,0.21428571428571427
HYSKYIVSYWH,0.8075,0.8075,11,3,0.2727272727272727,18.181818181818183,0.09090909090909091
ECYEIRCMDITSVSWVDHSC,0.8075,0.8075,20,-2,0.3,20.0,0.2
SKVYAHVWRIKWPYNSDIVVY,0.8075,0.8075,21,3,0.47619047619047616,33.33333333333333,0.19047619047619047
WYSHQHKHVHSHNVHVVMVVVMHNYWHNVHVVVI,0.8075,0.8075,34,10,0.47058823529411764,35.294117647058826,0.11764705882352941
WVNHCKVHSFHHWHW,0.8075,0.8075,15,6,0.4,13.333333333333334,0.06666666666666667
HNISKKNEHHVHYVV,0.8075,0.8075,15,5,0.26666666666666666,26.666666666666668,0.2
HSHSHIRWVV,0.8075,0.8075,10,4,0.4,30.0,0.1
VNHHYEISSSYWHNTTEHRNRHNWHMHHNNVHVV,0.8075,0.8075,34,9,0.23529411764705882,14.705882352941178,0.14705882352941177
KSSSVQMPHWSIVQVVWH,0.8075,0.8075,18,3,0.5,27.77777777777778,0.2222222222222222
CNNHEHSYCSEYKS,0.8074999999999999,0.8074999999999999,14,1,0.0,0.0,0.21428571428571427
WCWWDNVRSHEIVWWWMEVVIVVYVH,0.805,0.805,26,0,0.6153846153846154,34.61538461538461,0.15384615384615385
WLKQSVCVVSHS,0.805,0.805,12,2,0.4166666666666667,33.33333333333333,0.25
PSEWVSVVYVVSVVVVIVVCVVVVTMRHEVSI,0.805,0.805,32,0,0.65625,56.25,0.125
KIEIWDRVVWKWVIVSWRSEVNWVWH,0.805,0.805,26,2,0.5769230769230769,34.61538461538461,0.23076923076923078
KSTVSVVVSTWYVVIEVVVHSVNVVVMVDVEVYT,0.805,0.805,34,-1,0.5588235294117647,50.0,0.11764705882352941
SSVVVIWVVVEVPVWSSVSSVVSVVWNVVRWHDY,0.805,0.805,34,0,0.6176470588235294,47.05882352941176,0.058823529411764705
KHSVWMNWSCHV,0.805,0.805,12,3,0.4166666666666667,16.666666666666664,0.16666666666666666
SSVSWVSDGWIWKWD,0.805,0.805,15,-1,0.5333333333333333,20.0,0.06666666666666667
YSWHCVGVHVWRWDVVHNVYHHDHHYWVHNHHHV,0.805,0.805,34,10,0.38235294117647056,23.52941176470588,0.029411764705882353
WSVKSHHVVMMVWV,0.805,0.805,14,3,0.6428571428571429,35.714285714285715,0.21428571428571427
VSVVSLVVHVVISRWVIHSSHVNDIYVVW,0.805,0.805,29,3,0.5862068965517241,51.724137931034484,0.06896551724137931
AHVIWIHVNVRVYSVHHVSVTWHWHISWWDWVWKI,0.805,0.805,35,7,0.5714285714285714,37.142857142857146,0.08571428571428572
WIKSHVWRSVVVVVVHGVRHWC,0.805,0.805,22,6,0.5909090909090909,40.909090909090914,0.13636363636363635
PNWVVSSKVSHHVWNWHSYDHVVVV,0.805,0.805,25,4,0.48,32.0,0.04
IHVSEDHSVDVDWWSHHKVEHWHMYY,0.805,0.805,26,2,0.34615384615384615,19.230769230769234,0.15384615384615385
STHSHSYNVHVSWHDHWDIRDVHVYH,0.805,0.805,26,5,0.2692307692307692,19.230769230769234,0.038461538461538464
QVVVHVVIHKSY,0.805,0.805,12,3,0.5,50.0,0.16666666666666666
EKKKVVVHNDSIWWVWHETVYV,0.805,0.805,22,2,0.45454545454545453,31.818181818181817,0.22727272727272727
SSKWSSVWVMNHPHVVW,0.805,0.805,17,3,0.5294117647058824,23.52941176470588,0.11764705882352941
SSVWHVIVRWY,0.805,0.805,11,2,0.5454545454545454,36.36363636363637,0.09090909090909091
IHVVYVCVRCS,0.805,0.805,11,2,0.45454545454545453,45.45454545454545,0.09090909090909091
SVWETYVHYHWWWVVHVHMWWSMRSSSH,0.805,0.805,28,5,0.4642857142857143,17.857142857142858,0.14285714285714285
KCVKCNHVHSWHYVVVHWVRHYWWSGVV,0.805,0.805,28,8,0.4642857142857143,28.57142857142857,0.10714285714285714
NKSVHSWWHVWWVIHIIVVHR,0.805,0.805,21,6,0.5714285714285714,38.095238095238095,0.09523809523809523
RSSVVSMIIVSVSVWHWWDWIVYVVHHWQYP,0.805,0.805,31,3,0.5806451612903226,35.483870967741936,0.0967741935483871
EPKMEDHSWSEW,0.805,0.805,12,-2,0.3333333333333333,0.0,0.4166666666666667
KCWHDSWHSSVVWVILVSGNTVLMSV,0.805,0.805,26,2,0.5384615384615384,34.61538461538461,0.15384615384615385
NHVFKKHVHVVVVRYVYV,0.805,0.805,18,6,0.5,44.44444444444444,0.16666666666666666
VWSSSKIVVWWNVWMWWWVKNDHSVDYWIDYYVC,0.805,0.805,34,0,0.5294117647058824,26.47058823529412,0.08823529411764706
HVSVYSVVCVVVHWVTSVHVVHSCCHVRIVN,0.805,0.805,31,6,0.4838709677419355,45.16129032258064,0.03225806451612903
TSVEYVKWVYGVT,0.805,0.805,13,0,0.46153846153846156,30.76923076923077,0.15384615384615385
SVMVSWVVIKPI,0.805,0.805,12,1,0.75,50.0,0.16666666666666666
VHISVVEVVWKCVSVVY,0.805,0.805,17,1,0.5882352941176471,52.94117647058824,0.11764705882352941
KISCVVVMHSVWVVHWKHHNHWWWVVVIWWH,0.805,0.805,31,8,0.6129032258064516,35.483870967741936,0.0967741935483871
SKPNIWASVWDVVWWVWVWVDTWHMWMW,0.805,0.805,28,0,0.7142857142857143,28.57142857142857,0.14285714285714285
LVVYSWVVVHHWWWVRDVVVV,0.805,0.805,21,2,0.7142857142857143,52.38095238095239,0.09523809523809523
WSEWYVSDVIVDGHVKHSWVINWNVVRVWVQNH,0.805,0.805,33,2,0.5151515151515151,33.33333333333333,0.12121212121212122
YVVYVRVKVWHHNHN,0.805,0.805,15,5,0.4,33.33333333333333,0.13333333333333333
SKEVWWVIWVWSIDWVHNEHVIVACVSRVHHVHH,0.805,0.805,34,5,0.5294117647058824,38.23529411764706,0.14705882352941177
NDDEDHWVWSMWDYWWRIW,0.805,0.805,19,-3,0.47368421052631576,10.526315789473683,0.15789473684210525
VSSVVVYVVWEWVVVVKESV,0.805,0.805,20,-1,0.65,55.00000000000001,0.15
WNWRHIWVHSVY,0.805,0.805,12,3,0.5,25.0,0.08333333333333333
IGVVSEWVVSDKVYD,0.805,0.805,15,-2,0.5333333333333333,40.0,0.13333333333333333
EVVSSYWMVVKVHVIVVWVHVVHVIVVVVVDW,0.805,0.805,32,2,0.71875,59.375,0.09375
KIHNSVLISDVSVEIKHHCVHWDWHHH,0.805,0.805,27,6,0.37037037037037035,29.629629629629626,0.14814814814814814
SWQIRASVLVSVSWIS,0.805,0.805,16,1,0.5625,43.75,0.25
NINQYSKEHHHHCVVVVEWIIRYV,0.8049999999999999,0.8049999999999999,24,4,0.375,33.33333333333333,0.20833333333333334
SVEEDEEWKMNVSEEKDVWWHWSVHVNLHNIPD,0.8049999999999999,0.8049999999999999,33,-4,0.3939393939393939,21.21212121212121,0.30303030303030304
ESIESVAKNYEVMVHHSNDDVSVVVV,0.8049999999999999,0.8049999999999999,26,-2,0.4230769230769231,38.46153846153847,0.23076923076923078
SHYDDCWWPVVVIEEVIHHVWVEDRDWEVID,0.8049999999999999,0.8049999999999999,31,-5,0.4838709677419355,32.25806451612903,0.16129032258064516
SSSNRESVHYHKSIHWSWNDNVCR,0.8049999999999999,0.8049999999999999,24,4,0.20833333333333334,12.5,0.16666666666666666
IKWKDIWYVWVVWISSWVWVWH,0.8049999999999999,0.8049999999999999,22,2,0.6818181818181818,36.36363636363637,0.09090909090909091
SWYNNEVEWHVHPEDKVHWNHH,0.8049999999999999,0.8049999999999999,22,2,0.3181818181818182,13.636363636363635,0.18181818181818182
DPSVSKPVLSSHVWSSPSHVIMWVWHKSVVSEM,0.8049999999999999,0.8049999999999999,33,3,0.5151515151515151,27.27272727272727,0.18181818181818182
PSHKKNSSIEWEVHCINSDHEHYVWHVLYHN,0.8049999999999999,0.8049999999999999,31,4,0.2903225806451613,19.35483870967742,0.1935483870967742
WSETDYRSSSEVEVEVWIKSSYH,0.8049999999999999,0.8049999999999999,23,-2,0.2608695652173913,17.391304347826086,0.2608695652173913
WWVSVSWVFSMSIVMHSVYYVMWNVEVKVVP,0.8049999999999999,0.8049999999999999,31,1,0.6451612903225806,35.483870967741936,0.16129032258064516
DDKCHHNSTVVWWWHWVVPVWNVWM,0.8049999999999999,0.8049999999999999,25,2,0.56,24.0,0.08
SENESHSVNVFWHEIKSWWVPVHHVV,0.8049999999999999,0.8049999999999999,26,2,0.46153846153846156,26.923076923076923,0.15384615384615385
SSKPYWPEHKSWKVVEVRNIWWVWWTVYVV,0.8049999999999999,0.8049999999999999,30,3,0.5333333333333333,26.666666666666668,0.2
SVNTEEWHSSYWEHHTWHMWVVWRWVH,0.8049999999999999,0.8049999999999999,27,3,0.4074074074074074,14.814814814814813,0.18518518518518517
SIVDHEEWSDKTWEHVV,0.8049999999999999,0.8049999999999999,17,-2,0.35294117647058826,23.52941176470588,0.23529411764705882
RSPKLEYRSHVEWVNHLAVDH,0.8049999999999999,0.8049999999999999,21,3,0.38095238095238093,28.57142857142857,0.38095238095238093
SWSSEITSWSYWVSVVYVHWHLWVVVMKWHHEHVW,0.8025000000000002,0.8025000000000002,35,4,0.5142857142857142,28.57142857142857,0.14285714285714285
KVSWVKSHSVIVSIVYIYVVCPVVVMVRYH,0.8025000000000002,0.8025000000000002,30,5,0.5666666666666667,46.666666666666664,0.13333333333333333
SSETVQMIVVVISYRVVWVWHVEWW,0.8025000000000002,0.8025000000000002,25,0,0.6,40.0,0.2
KIIWWSYSCSYVHYSWRLSHWVWVHYDIH,0.8025000000000002,0.8025000000000002,29,5,0.41379310344827586,24.137931034482758,0.10344827586206896
KWISCSVVMSRHMVV,0.8025000000000002,0.8025000000000002,15,3,0.5333333333333333,33.33333333333333,0.26666666666666666
ENKDSIHHSSDVYWVRMMHV,0.8025000000000001,0.8025000000000001,20,2,0.35,20.0,0.25
NHKHGISIKVVHVYWVVVHHHNVHH,0.8025000000000001,0.8025000000000001,25,10,0.44,36.0,0.08
VDKSWSSWPVIIVSWHNVHLHVEVNWWWH,0.8025000000000001,0.8025000000000001,29,3,0.5517241379310345,31.03448275862069,0.10344827586206896
NKLSHHWVWWWWYHDWSVSVHVWVHWVWY,0.8025000000000001,0.8025000000000001,29,5,0.5517241379310345,24.137931034482758,0.06896551724137931
WNVKWHNHISHSSVWW,0.8025000000000001,0.8025000000000001,16,4,0.4375,18.75,0.0625
NVIVSWSVSSLHHGMVVWVHWDHVRVHVWSWE,0.8025000000000001,0.8025000000000001,32,4,0.5625,34.375,0.125
EWIVWHHVVNIHNVWWRDSTYRWVIDWMW,0.8025000000000001,0.8025000000000001,29,2,0.5517241379310345,27.586206896551722,0.13793103448275862
DWHSKMSVDVHWCKSEIIVLMVYVWVVV,0.8025000000000001,0.8025000000000001,28,1,0.5714285714285714,39.285714285714285,0.21428571428571427
KPVSWSVVDMVIWRAPWVDVR,0.8025000000000001,0.8025000000000001,21,1,0.6666666666666666,38.095238095238095,0.23809523809523808
WHTKVSDYSWDSRVWWHWHNHIH,0.8025000000000001,0.8025000000000001,23,5,0.34782608695652173,13.043478260869565,0.08695652173913043
KDDECWSIVHVHWSRSWYVVYHRTKHMINV,0.8025000000000001,0.8025000000000001,30,5,0.36666666666666664,23.333333333333332,0.2
PISDSYWVHRVWVE,0.8025000000000001,0.8025000000000001,14,0,0.5,28.57142857142857,0.14285714285714285
PSLHSVHDCWYTDVWRVTVNVDVSSNISVNHHWW,0.8025000000000001,0.8025000000000001,34,2,0.4117647058823529,26.47058823529412,0.058823529411764705
SWKNSWSVYRIVEVIHWHVVVSSYHNTIVH,0.8025000000000001,0.8025000000000001,30,5,0.43333333333333335,33.33333333333333,0.1
WKCSHSWHEYVDHVDVVHIWVM,0.8025,0.8025,22,2,0.45454545454545453,27.27272727272727,0.13636363636363635
SWTSVEVSVVWSYHWDYHHDWVVVVRHVHVVV,0.8025,0.8025,32,3,0.5,37.5,0.0625
EYVHWVVYHVKVVHVVWHIIVWVVSV,0.8025,0.8025,26,4,0.6538461538461539,53.84615384615385,0.07692307692307693
SNVWAERYIEVVHYVHVDHTVDHIDVH,0.8025,0.8025,27,1,0.4074074074074074,37.03703703703704,0.14814814814814814
KIVHHHVEWHDWHEVHHVGHTNVVV,0.8025,0.8025,25,6,0.44,32.0,0.12
HSRMSSVVICVHSYVIEIHHISEVSVWWVC,0.8025,0.8025,30,3,0.4666666666666667,36.666666666666664,0.13333333333333333
VSCVMMYHTWRWCVIVHEVV,0.8025,0.8025,20,2,0.55,35.0,0.2
CVSKCSMIIHVVHVVHLHWDHVSHVIV,0.8025,0.8025,27,6,0.5185185185185185,44.44444444444444,0.1111111111111111
WSCSKWVSHVSRYYVTHV,0.8025,0.8025,18,4,0.3333333333333333,22.22222222222222,0.1111111111111111
HSDWHVRYVHVHITVWYYNANWHHNHRVDVNDNVHV,0.8025,0.8025,36,7,0.3611111111111111,27.77777777777778,0.08333333333333333
SSEVVDKSYVVEMYEW,0.8025,0.8025,16,-3,0.375,25.0,0.3125
GVESHVYVHVCHVVYYVRH,0.8025,0.8025,19,4,0.42105263157894735,36.84210526315789,0.10526315789473684
YKHVPPVHVVVVDVS,0.8025,0.8025,15,2,0.6,46.666666666666664,0.06666666666666667
HRVWIYSWVY,0.8025,0.8025,10,2,0.5,30.0,0.1
KVVVHYVEHHVCHW,0.8025,0.8025,14,4,0.42857142857142855,35.714285714285715,0.14285714285714285
KYWVEVSVSINHWVYIWDHVVHHNVHHWWHNYHHKY,0.8025,0.8025,36,9,0.3888888888888889,25.0,0.08333333333333333
WKSIMIWWSVSVWKSWWWIHVHVHS,0.8025,0.8025,25,5,0.6,28.000000000000004,0.12
WVEVVMVSVRVIHHHSHEVNV,0.8025,0.8025,21,3,0.5238095238095238,42.857142857142854,0.19047619047619047
VCVSSIVHHHVSVHRRVVINVMHHVV,0.8025,0.8025,26,8,0.5,46.15384615384615,0.11538461538461539
IEEIVLVRVVVYHNS,0.8025,0.8025,15,0,0.5333333333333333,53.333333333333336,0.26666666666666666
IEIYVDSSWRIHVVVSHVWHVDHSVS,0.8025,0.8025,26,2,0.46153846153846156,38.46153846153847,0.07692307692307693
SHVHVRCIVYVVH,0.8025,0.8025,13,4,0.46153846153846156,46.15384615384615,0.07692307692307693
KINWVSWWWHVAWV,0.8025,0.8025,14,2,0.7142857142857143,35.714285714285715,0.14285714285714285
VKVYWVSTHSHVTYHLIVN,0.8025,0.8025,19,4,0.42105263157894735,36.84210526315789,0.10526315789473684
SHSVWVVCESVRVVHEVVNVHVVWVVVI,0.8025,0.8025,28,2,0.6071428571428571,53.57142857142857,0.10714285714285714
NIISVWSSCYRVHVHYVHWSSWWV,0.8025,0.8025,24,4,0.4583333333333333,29.166666666666668,0.041666666666666664
SVDWHEIVVVHVKH,0.8025,0.8025,14,2,0.5,42.857142857142854,0.14285714285714285
IVVVKPSVVCWHHRSHHV,0.8025,0.8025,18,6,0.5,38.88888888888889,0.1111111111111111
ESVYKIVVHSVHIDVWYS,0.8025,0.8025,18,1,0.4444444444444444,38.88888888888889,0.1111111111111111
SWSVSWWCVDKSYIHYVH,0.8025,0.8025,18,2,0.3888888888888889,22.22222222222222,0.05555555555555555
NEEVWEVVHVHVHDVKYHHSMDVDVVGDVVSVSESV,0.8025,0.8025,36,-2,0.4444444444444444,36.11111111111111,0.16666666666666666
LHVKVIYSSVSHDMYIVHWWHHVHW,0.8025,0.8025,25,6,0.48,32.0,0.12
VWEVEHWYVSVSHWHVVIVSVDHKH,0.8025,0.8025,25,3,0.48,36.0,0.12
NVYIISHWSVVHKWH,0.8024999999999999,0.8024999999999999,15,4,0.4666666666666667,33.33333333333333,0.06666666666666667
DKRSHCHYVVHVGHHSMFHHWMVWNR,0.8,0.8,26,9,0.38461538461538464,15.384615384615385,0.19230769230769232
SCHVSSTSTVYWEKHVVVHVIVVSWHVS,0.8,0.8,28,4,0.42857142857142855,35.714285714285715,0.07142857142857142
CSSEYKSSVVIEVSHKVVSVVSDVCESVVVEV,0.8,0.8,32,-2,0.40625,40.625,0.1875
YVDDSWYMHVWSYSWVYESISHEHRNSWWHEWHVM,0.8,0.8,35,1,0.37142857142857144,14.285714285714285,0.17142857142857143
WHDQVSKSEKWSHYWVSNVHWNVWHVWVNVWV,0.8,0.8,32,4,0.46875,25.0,0.125
WSNSWISVSKIMVPWVWWEN,0.8,0.8,20,0,0.6,25.0,0.15
SSVHSVWSMVKEVPSVSYS,0.8,0.8,19,1,0.42105263157894735,26.31578947368421,0.15789473684210525
SEVKHDVHYYNPHVHISHHV,0.8,0.8,20,5,0.3,25.0,0.1
KWVIEVRSKVHVVYHHIHVWVVDSHYHEYDIVWH,0.8,0.8,34,6,0.4411764705882353,35.294117647058826,0.14705882352941177
VSEYWVVSVVVVINEIETHKPDVIVSEILV,0.8,0.8,30,-3,0.5666666666666667,50.0,0.2
CKSAEVWKMYIYNCHYSVWVVIIVD,0.8,0.8,25,1,0.48,36.0,0.2
WDVVHNVVCYWYCTSYWWVHVWVIGDHHNHWRWVW,0.8,0.8,35,4,0.5142857142857142,25.71428571428571,0.02857142857142857
KSRINSNHHSEWVIVEVWNNWH,0.8,0.8,22,3,0.36363636363636365,22.727272727272727,0.18181818181818182
MDSSVVWALNLKTVWWWEWNHSY,0.8,0.8,23,0,0.5217391304347826,26.08695652173913,0.2608695652173913
SVEVVVEKVHHKSMHNVRVWIV,0.8,0.8,22,4,0.5,40.909090909090914,0.2727272727272727
SSHKYEHWSVVHSVVVHNVSNIIWVNVTHVV,0.8,0.8,31,5,0.45161290322580644,38.70967741935484,0.06451612903225806
KEVKVHSTMERVQVYVWVSYVVVPW,0.8,0.8,25,2,0.52,36.0,0.28
IVQRHYSPVHHVHVDVVDVVRHVDRVVHV,0.8,0.8,29,6,0.4827586206896552,44.827586206896555,0.13793103448275862
TKVWWVYSLIWVCVVTHDHHWWVW,0.8,0.8,24,3,0.5833333333333334,33.33333333333333,0.08333333333333333
YSYSHDNSHVWVRIVMWHHWWTVVHMVIND,0.8,0.8,30,4,0.4666666666666667,26.666666666666668,0.1
EISVQVEVKHSVWVHWVWWKWHWIHNHWHD,0.8,0.8,30,5,0.5,26.666666666666668,0.16666666666666666
KVEWSHSYSSHYDIWWHWHSVHVVWSEVWVH,0.8,0.8,31,4,0.41935483870967744,22.58064516129032,0.0967741935483871
ISDNHQRHHIH,0.8,0.8,11,4,0.18181818181818182,18.181818181818183,0.18181818181818182
KPCVESESVDVELCPSVVVIHWNNVHVHPHW,0.8,0.8,31,1,0.4838709677419355,32.25806451612903,0.16129032258064516
NWSSIEYVKWWWVSWV,0.8,0.8,16,0,0.5625,25.0,0.125
SVINYSDPLWWEPYVYNNVRWSVMVVVRWEW,0.8,0.8,31,-1,0.5483870967741935,29.03225806451613,0.1935483870967742
NVCSVSSVVHPNVVHHKH,0.8,0.8,18,5,0.3888888888888889,33.33333333333333,0.05555555555555555
SWSRYYWSSENHYHHHDHVHVVNHVVSDYRHHNVV,0.8,0.8,35,8,0.2571428571428571,20.0,0.08571428571428572
TKYIMVEHMYNWWWYHHD,0.8,0.8,18,2,0.3888888888888889,11.11111111111111,0.2222222222222222
HVHHSVSMDYDVPVYHWHSHEVHVYWDWQRVH,0.8,0.8,32,5,0.375,21.875,0.125
YSVVSVSEVVMNDKWEVHVEETVVWM,0.8,0.8,26,-3,0.5,34.61538461538461,0.2692307692307692
YNSNHTSEIEVKVVWPSVVVHNVDVHV,0.8,0.8,27,1,0.4444444444444444,37.03703703703704,0.1111111111111111
NHWDHVWDWYVWRWPTVVHNRIW,0.8,0.8,23,3,0.5217391304347826,21.73913043478261,0.08695652173913043
DKISNWWVWIVLTVWMWHHV,0.8,0.8,20,2,0.65,35.0,0.15
SKIWSVRHEW,0.8,0.8,10,2,0.4,20.0,0.3
SENNHHHWVKWVYMVTNET,0.8,0.8,19,2,0.3157894736842105,15.789473684210526,0.21052631578947367
EKSWVVRSSEHYMVVHEIWVC,0.8,0.8,21,1,0.42857142857142855,28.57142857142857,0.2857142857142857
SNKVWHVIVPVYVHTWHHVVMEHD,0.8,0.8,24,4,0.5,33.33333333333333,0.125
SSCSEMSVYVYHVVKVKHIVSSDY,0.8,0.8,24,2,0.3333333333333333,29.166666666666668,0.16666666666666666
SHEVHEVWNYSVHVVRNWDMCNVCVHDVYSVPVD,0.8,0.8,34,0,0.4117647058823529,29.411764705882355,0.11764705882352941
CKEWSHNSHSSYVW,0.8,0.8,14,2,0.21428571428571427,7.142857142857142,0.14285714285714285
HSKSESHKDHVNVVSVIWISVIVHVRWVY,0.8,0.8,29,5,0.4482758620689655,37.93103448275862,0.13793103448275862
VVSHLSVSIRSVVVHHT,0.8,0.8,17,4,0.47058823529411764,47.05882352941176,0.11764705882352941
NLSVHHHDTWVVRSYHVHVLHHVRQERH,0.8,0.8,28,9,0.32142857142857145,28.57142857142857,0.25
VSHVSHSSVVSVRVEHVVHHPWW,0.8,0.8,23,5,0.4782608695652174,34.78260869565217,0.08695652173913043
SSGKPSVVIVDSSEVEVHVVHSSMVHEWPVWMVH,0.8,0.8,34,1,0.5294117647058824,32.35294117647059,0.17647058823529413
SVHNIRVEVNSPYVVVSGEHDHHWWWYIVDVN,0.8,0.8,32,1,0.46875,31.25,0.09375
WWKSMVSRYWDSVSWWYVWHSLVDEHHT,0.8,0.8,28,2,0.42857142857142855,17.857142857142858,0.17857142857142858
SNSHNHWIRRVVVWRSTHSIHWVVVPILVWHN,0.8,0.8,32,8,0.5,34.375,0.125
VNQEHVIWSSQHVRWVIHWVNVVVDHHQVD,0.8,0.8,30,3,0.4666666666666667,36.666666666666664,0.16666666666666666
SVSVQSTIVVEVHSYHHSHVDSEMWDVRHVYD,0.8,0.8,32,1,0.34375,28.125,0.15625
SNIWVSCWWVKSISWIRVMV,0.8,0.8,20,2,0.6,35.0,0.15
EISPVSKSVHCVSVVNSWH,0.8,0.8,19,2,0.42105263157894735,31.57894736842105,0.10526315789473684
